experiment,dataset,model,cond_class,stratum,proxy,quartile,n,n_pb_ne_anchor,n_numeric_anchor,adopt_rate,direction_follow_rate,exact_match_b_in_quartile
experiment_distance_tally,TallyQA,llava-next-interleaved-7b,a,S1,softmax_top1_prob,Q1,246,158,246,0.0,0.0,0.9186991869918699
experiment_distance_tally,TallyQA,llava-next-interleaved-7b,a,S1,softmax_top1_prob,Q2,246,156,246,0.019230769230769232,0.024390243902439025,0.8008130081300813
experiment_distance_tally,TallyQA,llava-next-interleaved-7b,a,S1,softmax_top1_prob,Q3,246,166,246,0.09036144578313253,0.10569105691056911,0.5121951219512195
experiment_distance_tally,TallyQA,llava-next-interleaved-7b,a,S1,softmax_top1_prob,Q4,246,171,244,0.11695906432748537,0.15163934426229508,0.4268292682926829
experiment_distance_tally,TallyQA,llava-next-interleaved-7b,a,S1,top1_minus_top2_margin,Q1,250,181,249,0.03314917127071823,0.0642570281124498,0.592
experiment_distance_tally,TallyQA,llava-next-interleaved-7b,a,S1,top1_minus_top2_margin,Q2,250,178,249,0.056179775280898875,0.07630522088353414,0.592
experiment_distance_tally,TallyQA,llava-next-interleaved-7b,a,S1,top1_minus_top2_margin,Q3,250,165,250,0.08484848484848485,0.096,0.616
experiment_distance_tally,TallyQA,llava-next-interleaved-7b,a,S1,top1_minus_top2_margin,Q4,250,143,250,0.07692307692307693,0.068,0.816
experiment_distance_tally,TallyQA,llava-next-interleaved-7b,a,S1,entropy_top_k,Q1,250,158,250,0.0,0.0,0.94
experiment_distance_tally,TallyQA,llava-next-interleaved-7b,a,S1,entropy_top_k,Q2,250,164,250,0.054878048780487805,0.068,0.752
experiment_distance_tally,TallyQA,llava-next-interleaved-7b,a,S1,entropy_top_k,Q3,250,156,250,0.08974358974358974,0.092,0.552
experiment_distance_tally,TallyQA,llava-next-interleaved-7b,a,S1,entropy_top_k,Q4,250,189,248,0.09523809523809523,0.14516129032258066,0.372
experiment_distance_tally,TallyQA,llava-next-interleaved-7b,a,S2,softmax_top1_prob,Q1,246,245,246,0.0,0.0040650406504065045,0.9186991869918699
experiment_distance_tally,TallyQA,llava-next-interleaved-7b,a,S2,softmax_top1_prob,Q2,246,243,246,0.0,0.008130081300813009,0.8008130081300813
experiment_distance_tally,TallyQA,llava-next-interleaved-7b,a,S2,softmax_top1_prob,Q3,246,243,246,0.00823045267489712,0.1016260162601626,0.5121951219512195
experiment_distance_tally,TallyQA,llava-next-interleaved-7b,a,S2,softmax_top1_prob,Q4,246,238,244,0.012605042016806723,0.13524590163934427,0.4268292682926829
experiment_distance_tally,TallyQA,llava-next-interleaved-7b,a,S2,top1_minus_top2_margin,Q1,250,246,249,0.0,0.028112449799196786,0.592
experiment_distance_tally,TallyQA,llava-next-interleaved-7b,a,S2,top1_minus_top2_margin,Q2,250,245,249,0.004081632653061225,0.04819277108433735,0.592
experiment_distance_tally,TallyQA,llava-next-interleaved-7b,a,S2,top1_minus_top2_margin,Q3,250,243,250,0.00411522633744856,0.076,0.616
experiment_distance_tally,TallyQA,llava-next-interleaved-7b,a,S2,top1_minus_top2_margin,Q4,250,249,250,0.012048192771084338,0.108,0.816
experiment_distance_tally,TallyQA,llava-next-interleaved-7b,a,S2,entropy_top_k,Q1,250,249,250,0.0,0.004,0.94
experiment_distance_tally,TallyQA,llava-next-interleaved-7b,a,S2,entropy_top_k,Q2,250,247,250,0.012145748987854251,0.052,0.752
experiment_distance_tally,TallyQA,llava-next-interleaved-7b,a,S2,entropy_top_k,Q3,250,246,250,0.0040650406504065045,0.096,0.552
experiment_distance_tally,TallyQA,llava-next-interleaved-7b,a,S2,entropy_top_k,Q4,250,241,248,0.004149377593360996,0.10887096774193548,0.372
experiment_distance_tally,TallyQA,llava-next-interleaved-7b,a,S3,softmax_top1_prob,Q1,246,246,246,0.0,0.0,0.9186991869918699
experiment_distance_tally,TallyQA,llava-next-interleaved-7b,a,S3,softmax_top1_prob,Q2,246,246,246,0.0,0.008130081300813009,0.8008130081300813
experiment_distance_tally,TallyQA,llava-next-interleaved-7b,a,S3,softmax_top1_prob,Q3,246,246,246,0.0,0.044715447154471545,0.5121951219512195
experiment_distance_tally,TallyQA,llava-next-interleaved-7b,a,S3,softmax_top1_prob,Q4,246,246,244,0.008130081300813009,0.11065573770491803,0.4268292682926829
experiment_distance_tally,TallyQA,llava-next-interleaved-7b,a,S3,top1_minus_top2_margin,Q1,250,250,249,0.0,0.024096385542168676,0.592
experiment_distance_tally,TallyQA,llava-next-interleaved-7b,a,S3,top1_minus_top2_margin,Q2,250,248,249,0.0,0.020080321285140562,0.592
experiment_distance_tally,TallyQA,llava-next-interleaved-7b,a,S3,top1_minus_top2_margin,Q3,250,250,250,0.0,0.028,0.616
experiment_distance_tally,TallyQA,llava-next-interleaved-7b,a,S3,top1_minus_top2_margin,Q4,250,250,250,0.008,0.1,0.816
experiment_distance_tally,TallyQA,llava-next-interleaved-7b,a,S3,entropy_top_k,Q1,250,250,250,0.0,0.0,0.94
experiment_distance_tally,TallyQA,llava-next-interleaved-7b,a,S3,entropy_top_k,Q2,250,250,250,0.008,0.056,0.752
experiment_distance_tally,TallyQA,llava-next-interleaved-7b,a,S3,entropy_top_k,Q3,250,250,250,0.0,0.064,0.552
experiment_distance_tally,TallyQA,llava-next-interleaved-7b,a,S3,entropy_top_k,Q4,250,248,248,0.0,0.05241935483870968,0.372
experiment_distance_tally,TallyQA,llava-next-interleaved-7b,a,S4,softmax_top1_prob,Q1,246,246,246,0.0,0.0040650406504065045,0.9186991869918699
experiment_distance_tally,TallyQA,llava-next-interleaved-7b,a,S4,softmax_top1_prob,Q2,246,246,246,0.0,0.02032520325203252,0.8008130081300813
experiment_distance_tally,TallyQA,llava-next-interleaved-7b,a,S4,softmax_top1_prob,Q3,246,246,246,0.0,0.052845528455284556,0.5121951219512195
experiment_distance_tally,TallyQA,llava-next-interleaved-7b,a,S4,softmax_top1_prob,Q4,246,246,244,0.0,0.12295081967213115,0.4268292682926829
experiment_distance_tally,TallyQA,llava-next-interleaved-7b,a,S4,top1_minus_top2_margin,Q1,250,250,249,0.0,0.028112449799196786,0.592
experiment_distance_tally,TallyQA,llava-next-interleaved-7b,a,S4,top1_minus_top2_margin,Q2,250,250,249,0.0,0.020080321285140562,0.592
experiment_distance_tally,TallyQA,llava-next-interleaved-7b,a,S4,top1_minus_top2_margin,Q3,250,250,250,0.0,0.04,0.616
experiment_distance_tally,TallyQA,llava-next-interleaved-7b,a,S4,top1_minus_top2_margin,Q4,250,250,250,0.0,0.108,0.816
experiment_distance_tally,TallyQA,llava-next-interleaved-7b,a,S4,entropy_top_k,Q1,250,250,250,0.0,0.008,0.94
experiment_distance_tally,TallyQA,llava-next-interleaved-7b,a,S4,entropy_top_k,Q2,250,250,250,0.0,0.068,0.752
experiment_distance_tally,TallyQA,llava-next-interleaved-7b,a,S4,entropy_top_k,Q3,250,250,250,0.0,0.072,0.552
experiment_distance_tally,TallyQA,llava-next-interleaved-7b,a,S4,entropy_top_k,Q4,250,250,248,0.0,0.04838709677419355,0.372
experiment_distance_tally,TallyQA,llava-next-interleaved-7b,a,S5,softmax_top1_prob,Q1,246,246,246,0.0,0.008130081300813009,0.9186991869918699
experiment_distance_tally,TallyQA,llava-next-interleaved-7b,a,S5,softmax_top1_prob,Q2,246,246,245,0.0,0.02040816326530612,0.8008130081300813
experiment_distance_tally,TallyQA,llava-next-interleaved-7b,a,S5,softmax_top1_prob,Q3,246,246,246,0.0,0.036585365853658534,0.5121951219512195
experiment_distance_tally,TallyQA,llava-next-interleaved-7b,a,S5,softmax_top1_prob,Q4,246,246,246,0.0,0.12195121951219512,0.4268292682926829
experiment_distance_tally,TallyQA,llava-next-interleaved-7b,a,S5,top1_minus_top2_margin,Q1,250,250,250,0.0,0.04,0.592
experiment_distance_tally,TallyQA,llava-next-interleaved-7b,a,S5,top1_minus_top2_margin,Q2,250,250,250,0.0,0.012,0.592
experiment_distance_tally,TallyQA,llava-next-interleaved-7b,a,S5,top1_minus_top2_margin,Q3,250,250,250,0.0,0.048,0.616
experiment_distance_tally,TallyQA,llava-next-interleaved-7b,a,S5,top1_minus_top2_margin,Q4,250,250,249,0.0,0.08433734939759036,0.816
experiment_distance_tally,TallyQA,llava-next-interleaved-7b,a,S5,entropy_top_k,Q1,250,250,250,0.0,0.008,0.94
experiment_distance_tally,TallyQA,llava-next-interleaved-7b,a,S5,entropy_top_k,Q2,250,250,249,0.0,0.05622489959839357,0.752
experiment_distance_tally,TallyQA,llava-next-interleaved-7b,a,S5,entropy_top_k,Q3,250,250,250,0.0,0.068,0.552
experiment_distance_tally,TallyQA,llava-next-interleaved-7b,a,S5,entropy_top_k,Q4,250,250,250,0.0,0.052,0.372
experiment_distance_vqa,VQAv2,llava-next-interleaved-7b,a,S1,softmax_top1_prob,Q1,243,159,243,0.031446540880503145,0.0205761316872428,0.9259259259259259
experiment_distance_vqa,VQAv2,llava-next-interleaved-7b,a,S1,softmax_top1_prob,Q2,243,155,243,0.05161290322580645,0.04526748971193416,0.720164609053498
experiment_distance_vqa,VQAv2,llava-next-interleaved-7b,a,S1,softmax_top1_prob,Q3,243,167,242,0.17964071856287425,0.15702479338842976,0.49382716049382713
experiment_distance_vqa,VQAv2,llava-next-interleaved-7b,a,S1,softmax_top1_prob,Q4,243,190,242,0.15263157894736842,0.19834710743801653,0.3168724279835391
experiment_distance_vqa,VQAv2,llava-next-interleaved-7b,a,S1,top1_minus_top2_margin,Q1,250,183,250,0.07103825136612021,0.068,0.556
experiment_distance_vqa,VQAv2,llava-next-interleaved-7b,a,S1,top1_minus_top2_margin,Q2,250,171,250,0.10526315789473684,0.108,0.576
experiment_distance_vqa,VQAv2,llava-next-interleaved-7b,a,S1,top1_minus_top2_margin,Q3,250,165,250,0.1393939393939394,0.128,0.628
experiment_distance_vqa,VQAv2,llava-next-interleaved-7b,a,S1,top1_minus_top2_margin,Q4,250,180,247,0.14444444444444443,0.14979757085020243,0.644
experiment_distance_vqa,VQAv2,llava-next-interleaved-7b,a,S1,entropy_top_k,Q1,250,164,250,0.04878048780487805,0.036,0.924
experiment_distance_vqa,VQAv2,llava-next-interleaved-7b,a,S1,entropy_top_k,Q2,250,163,250,0.07975460122699386,0.092,0.724
experiment_distance_vqa,VQAv2,llava-next-interleaved-7b,a,S1,entropy_top_k,Q3,250,183,249,0.1366120218579235,0.14859437751004015,0.42
experiment_distance_vqa,VQAv2,llava-next-interleaved-7b,a,S1,entropy_top_k,Q4,250,189,248,0.17989417989417988,0.1774193548387097,0.336
experiment_distance_vqa,VQAv2,llava-next-interleaved-7b,a,S2,softmax_top1_prob,Q1,243,243,243,0.00823045267489712,0.01646090534979424,0.9259259259259259
experiment_distance_vqa,VQAv2,llava-next-interleaved-7b,a,S2,softmax_top1_prob,Q2,243,241,243,0.016597510373443983,0.03292181069958848,0.720164609053498
experiment_distance_vqa,VQAv2,llava-next-interleaved-7b,a,S2,softmax_top1_prob,Q3,243,238,242,0.025210084033613446,0.1322314049586777,0.49382716049382713
experiment_distance_vqa,VQAv2,llava-next-interleaved-7b,a,S2,softmax_top1_prob,Q4,243,229,242,0.048034934497816595,0.18181818181818182,0.3168724279835391
experiment_distance_vqa,VQAv2,llava-next-interleaved-7b,a,S2,top1_minus_top2_margin,Q1,250,243,250,0.012345679012345678,0.056,0.556
experiment_distance_vqa,VQAv2,llava-next-interleaved-7b,a,S2,top1_minus_top2_margin,Q2,250,244,250,0.01639344262295082,0.096,0.576
experiment_distance_vqa,VQAv2,llava-next-interleaved-7b,a,S2,top1_minus_top2_margin,Q3,250,246,250,0.028455284552845527,0.1,0.628
experiment_distance_vqa,VQAv2,llava-next-interleaved-7b,a,S2,top1_minus_top2_margin,Q4,250,244,248,0.05737704918032787,0.14919354838709678,0.644
experiment_distance_vqa,VQAv2,llava-next-interleaved-7b,a,S2,entropy_top_k,Q1,250,249,250,0.01606425702811245,0.024,0.924
experiment_distance_vqa,VQAv2,llava-next-interleaved-7b,a,S2,entropy_top_k,Q2,250,247,250,0.02834008097165992,0.096,0.724
experiment_distance_vqa,VQAv2,llava-next-interleaved-7b,a,S2,entropy_top_k,Q3,250,243,249,0.024691358024691357,0.11646586345381527,0.42
experiment_distance_vqa,VQAv2,llava-next-interleaved-7b,a,S2,entropy_top_k,Q4,250,238,249,0.046218487394957986,0.1646586345381526,0.336
experiment_distance_vqa,VQAv2,llava-next-interleaved-7b,a,S3,softmax_top1_prob,Q1,243,243,243,0.01646090534979424,0.0205761316872428,0.9259259259259259
experiment_distance_vqa,VQAv2,llava-next-interleaved-7b,a,S3,softmax_top1_prob,Q2,243,243,243,0.012345679012345678,0.01646090534979424,0.720164609053498
experiment_distance_vqa,VQAv2,llava-next-interleaved-7b,a,S3,softmax_top1_prob,Q3,243,243,242,0.00823045267489712,0.0743801652892562,0.49382716049382713
experiment_distance_vqa,VQAv2,llava-next-interleaved-7b,a,S3,softmax_top1_prob,Q4,243,243,241,0.012345679012345678,0.12448132780082988,0.3168724279835391
experiment_distance_vqa,VQAv2,llava-next-interleaved-7b,a,S3,top1_minus_top2_margin,Q1,250,250,250,0.004,0.024,0.556
experiment_distance_vqa,VQAv2,llava-next-interleaved-7b,a,S3,top1_minus_top2_margin,Q2,250,250,250,0.016,0.048,0.576
experiment_distance_vqa,VQAv2,llava-next-interleaved-7b,a,S3,top1_minus_top2_margin,Q3,250,250,250,0.02,0.06,0.628
experiment_distance_vqa,VQAv2,llava-next-interleaved-7b,a,S3,top1_minus_top2_margin,Q4,250,250,247,0.024,0.12550607287449392,0.644
experiment_distance_vqa,VQAv2,llava-next-interleaved-7b,a,S3,entropy_top_k,Q1,250,250,250,0.024,0.032,0.924
experiment_distance_vqa,VQAv2,llava-next-interleaved-7b,a,S3,entropy_top_k,Q2,250,250,250,0.008,0.056,0.724
experiment_distance_vqa,VQAv2,llava-next-interleaved-7b,a,S3,entropy_top_k,Q3,250,250,249,0.004,0.08433734939759036,0.42
experiment_distance_vqa,VQAv2,llava-next-interleaved-7b,a,S3,entropy_top_k,Q4,250,250,248,0.028,0.0846774193548387,0.336
experiment_distance_vqa,VQAv2,llava-next-interleaved-7b,a,S4,softmax_top1_prob,Q1,243,243,243,0.012345679012345678,0.0205761316872428,0.9259259259259259
experiment_distance_vqa,VQAv2,llava-next-interleaved-7b,a,S4,softmax_top1_prob,Q2,243,243,243,0.00411522633744856,0.02880658436213992,0.720164609053498
experiment_distance_vqa,VQAv2,llava-next-interleaved-7b,a,S4,softmax_top1_prob,Q3,243,243,242,0.00823045267489712,0.09917355371900827,0.49382716049382713
experiment_distance_vqa,VQAv2,llava-next-interleaved-7b,a,S4,softmax_top1_prob,Q4,243,243,241,0.00823045267489712,0.14522821576763487,0.3168724279835391
experiment_distance_vqa,VQAv2,llava-next-interleaved-7b,a,S4,top1_minus_top2_margin,Q1,250,250,250,0.004,0.036,0.556
experiment_distance_vqa,VQAv2,llava-next-interleaved-7b,a,S4,top1_minus_top2_margin,Q2,250,250,250,0.016,0.06,0.576
experiment_distance_vqa,VQAv2,llava-next-interleaved-7b,a,S4,top1_minus_top2_margin,Q3,250,250,250,0.02,0.096,0.628
experiment_distance_vqa,VQAv2,llava-next-interleaved-7b,a,S4,top1_minus_top2_margin,Q4,250,250,247,0.016,0.1214574898785425,0.644
experiment_distance_vqa,VQAv2,llava-next-interleaved-7b,a,S4,entropy_top_k,Q1,250,250,250,0.016,0.032,0.924
experiment_distance_vqa,VQAv2,llava-next-interleaved-7b,a,S4,entropy_top_k,Q2,250,250,250,0.0,0.068,0.724
experiment_distance_vqa,VQAv2,llava-next-interleaved-7b,a,S4,entropy_top_k,Q3,250,250,249,0.004,0.0963855421686747,0.42
experiment_distance_vqa,VQAv2,llava-next-interleaved-7b,a,S4,entropy_top_k,Q4,250,250,248,0.036,0.11693548387096774,0.336
experiment_distance_vqa,VQAv2,llava-next-interleaved-7b,a,S5,softmax_top1_prob,Q1,243,243,243,0.00823045267489712,0.01646090534979424,0.9259259259259259
experiment_distance_vqa,VQAv2,llava-next-interleaved-7b,a,S5,softmax_top1_prob,Q2,243,243,243,0.00411522633744856,0.012345679012345678,0.720164609053498
experiment_distance_vqa,VQAv2,llava-next-interleaved-7b,a,S5,softmax_top1_prob,Q3,243,243,243,0.00411522633744856,0.06995884773662552,0.49382716049382713
experiment_distance_vqa,VQAv2,llava-next-interleaved-7b,a,S5,softmax_top1_prob,Q4,243,243,241,0.00823045267489712,0.12448132780082988,0.3168724279835391
experiment_distance_vqa,VQAv2,llava-next-interleaved-7b,a,S5,top1_minus_top2_margin,Q1,250,250,250,0.008,0.032,0.556
experiment_distance_vqa,VQAv2,llava-next-interleaved-7b,a,S5,top1_minus_top2_margin,Q2,250,250,250,0.012,0.048,0.576
experiment_distance_vqa,VQAv2,llava-next-interleaved-7b,a,S5,top1_minus_top2_margin,Q3,250,250,250,0.008,0.06,0.628
experiment_distance_vqa,VQAv2,llava-next-interleaved-7b,a,S5,top1_minus_top2_margin,Q4,250,250,248,0.008,0.10080645161290322,0.644
experiment_distance_vqa,VQAv2,llava-next-interleaved-7b,a,S5,entropy_top_k,Q1,250,250,250,0.012,0.028,0.924
experiment_distance_vqa,VQAv2,llava-next-interleaved-7b,a,S5,entropy_top_k,Q2,250,250,250,0.0,0.052,0.724
experiment_distance_vqa,VQAv2,llava-next-interleaved-7b,a,S5,entropy_top_k,Q3,250,250,250,0.004,0.084,0.42
experiment_distance_vqa,VQAv2,llava-next-interleaved-7b,a,S5,entropy_top_k,Q4,250,250,248,0.02,0.07661290322580645,0.336
experiment_e5c_tally,TallyQA,llava-next-interleaved-7b,a,S1,softmax_top1_prob,Q1,246,173,246,0.0,0.0,0.9186991869918699
experiment_e5c_tally,TallyQA,llava-next-interleaved-7b,a,S1,softmax_top1_prob,Q2,246,155,246,0.03225806451612903,0.032520325203252036,0.8008130081300813
experiment_e5c_tally,TallyQA,llava-next-interleaved-7b,a,S1,softmax_top1_prob,Q3,246,179,246,0.0670391061452514,0.1016260162601626,0.5121951219512195
experiment_e5c_tally,TallyQA,llava-next-interleaved-7b,a,S1,softmax_top1_prob,Q4,246,171,244,0.18128654970760233,0.18442622950819673,0.4268292682926829
experiment_e5c_tally,TallyQA,llava-next-interleaved-7b,a,S1,top1_minus_top2_margin,Q1,250,185,249,0.05405405405405406,0.07630522088353414,0.588
experiment_e5c_tally,TallyQA,llava-next-interleaved-7b,a,S1,top1_minus_top2_margin,Q2,250,175,249,0.05714285714285714,0.07228915662650602,0.596
experiment_e5c_tally,TallyQA,llava-next-interleaved-7b,a,S1,top1_minus_top2_margin,Q3,250,172,250,0.06976744186046512,0.092,0.612
experiment_e5c_tally,TallyQA,llava-next-interleaved-7b,a,S1,top1_minus_top2_margin,Q4,250,162,250,0.1111111111111111,0.104,0.82
experiment_e5c_tally,TallyQA,llava-next-interleaved-7b,a,S1,entropy_top_k,Q1,250,175,250,0.005714285714285714,0.004,0.94
experiment_e5c_tally,TallyQA,llava-next-interleaved-7b,a,S1,entropy_top_k,Q2,250,158,250,0.0759493670886076,0.06,0.752
experiment_e5c_tally,TallyQA,llava-next-interleaved-7b,a,S1,entropy_top_k,Q3,250,178,250,0.08426966292134831,0.104,0.552
experiment_e5c_tally,TallyQA,llava-next-interleaved-7b,a,S1,entropy_top_k,Q4,250,183,248,0.12021857923497267,0.1774193548387097,0.372
experiment_e5c_tally,TallyQA,llava-next-interleaved-7b,a,S2,softmax_top1_prob,Q1,246,246,246,0.0,0.0040650406504065045,0.9186991869918699
experiment_e5c_tally,TallyQA,llava-next-interleaved-7b,a,S2,softmax_top1_prob,Q2,246,244,246,0.0,0.016260162601626018,0.8008130081300813
experiment_e5c_tally,TallyQA,llava-next-interleaved-7b,a,S2,softmax_top1_prob,Q3,246,241,246,0.012448132780082987,0.09349593495934959,0.5121951219512195
experiment_e5c_tally,TallyQA,llava-next-interleaved-7b,a,S2,softmax_top1_prob,Q4,246,238,244,0.02100840336134454,0.1598360655737705,0.4268292682926829
experiment_e5c_tally,TallyQA,llava-next-interleaved-7b,a,S2,top1_minus_top2_margin,Q1,250,246,249,0.008130081300813009,0.06827309236947791,0.588
experiment_e5c_tally,TallyQA,llava-next-interleaved-7b,a,S2,top1_minus_top2_margin,Q2,250,246,249,0.008130081300813009,0.06827309236947791,0.596
experiment_e5c_tally,TallyQA,llava-next-interleaved-7b,a,S2,top1_minus_top2_margin,Q3,250,244,250,0.004098360655737705,0.068,0.612
experiment_e5c_tally,TallyQA,llava-next-interleaved-7b,a,S2,top1_minus_top2_margin,Q4,250,246,250,0.016260162601626018,0.084,0.82
experiment_e5c_tally,TallyQA,llava-next-interleaved-7b,a,S2,entropy_top_k,Q1,250,250,250,0.0,0.004,0.94
experiment_e5c_tally,TallyQA,llava-next-interleaved-7b,a,S2,entropy_top_k,Q2,250,245,250,0.004081632653061225,0.044,0.752
experiment_e5c_tally,TallyQA,llava-next-interleaved-7b,a,S2,entropy_top_k,Q3,250,247,250,0.012145748987854251,0.092,0.552
experiment_e5c_tally,TallyQA,llava-next-interleaved-7b,a,S2,entropy_top_k,Q4,250,240,248,0.020833333333333332,0.14919354838709678,0.372
experiment_e5c_tally,TallyQA,llava-next-interleaved-7b,a,S3,softmax_top1_prob,Q1,246,246,246,0.0,0.0040650406504065045,0.9186991869918699
experiment_e5c_tally,TallyQA,llava-next-interleaved-7b,a,S3,softmax_top1_prob,Q2,246,246,246,0.0,0.008130081300813009,0.8008130081300813
experiment_e5c_tally,TallyQA,llava-next-interleaved-7b,a,S3,softmax_top1_prob,Q3,246,246,246,0.0,0.04065040650406504,0.5121951219512195
experiment_e5c_tally,TallyQA,llava-next-interleaved-7b,a,S3,softmax_top1_prob,Q4,246,246,244,0.0,0.11885245901639344,0.4268292682926829
experiment_e5c_tally,TallyQA,llava-next-interleaved-7b,a,S3,top1_minus_top2_margin,Q1,250,249,249,0.0,0.0321285140562249,0.588
experiment_e5c_tally,TallyQA,llava-next-interleaved-7b,a,S3,top1_minus_top2_margin,Q2,250,250,249,0.0,0.01606425702811245,0.596
experiment_e5c_tally,TallyQA,llava-next-interleaved-7b,a,S3,top1_minus_top2_margin,Q3,250,250,250,0.0,0.036,0.612
experiment_e5c_tally,TallyQA,llava-next-interleaved-7b,a,S3,top1_minus_top2_margin,Q4,250,250,250,0.0,0.084,0.82
experiment_e5c_tally,TallyQA,llava-next-interleaved-7b,a,S3,entropy_top_k,Q1,250,250,250,0.0,0.004,0.94
experiment_e5c_tally,TallyQA,llava-next-interleaved-7b,a,S3,entropy_top_k,Q2,250,250,250,0.0,0.052,0.752
experiment_e5c_tally,TallyQA,llava-next-interleaved-7b,a,S3,entropy_top_k,Q3,250,250,250,0.0,0.06,0.552
experiment_e5c_tally,TallyQA,llava-next-interleaved-7b,a,S3,entropy_top_k,Q4,250,249,248,0.0,0.05241935483870968,0.372
experiment_e5c_tally,TallyQA,llava-next-interleaved-7b,a,S4,softmax_top1_prob,Q1,246,246,246,0.0,0.0,0.9186991869918699
experiment_e5c_tally,TallyQA,llava-next-interleaved-7b,a,S4,softmax_top1_prob,Q2,246,246,246,0.0,0.012195121951219513,0.8008130081300813
experiment_e5c_tally,TallyQA,llava-next-interleaved-7b,a,S4,softmax_top1_prob,Q3,246,246,246,0.0,0.056910569105691054,0.5121951219512195
experiment_e5c_tally,TallyQA,llava-next-interleaved-7b,a,S4,softmax_top1_prob,Q4,246,246,245,0.0040650406504065045,0.13877551020408163,0.4268292682926829
experiment_e5c_tally,TallyQA,llava-next-interleaved-7b,a,S4,top1_minus_top2_margin,Q1,250,250,249,0.0,0.04417670682730924,0.588
experiment_e5c_tally,TallyQA,llava-next-interleaved-7b,a,S4,top1_minus_top2_margin,Q2,250,250,250,0.0,0.032,0.596
experiment_e5c_tally,TallyQA,llava-next-interleaved-7b,a,S4,top1_minus_top2_margin,Q3,250,250,250,0.004,0.048,0.612
experiment_e5c_tally,TallyQA,llava-next-interleaved-7b,a,S4,top1_minus_top2_margin,Q4,250,250,250,0.004,0.084,0.82
experiment_e5c_tally,TallyQA,llava-next-interleaved-7b,a,S4,entropy_top_k,Q1,250,250,250,0.0,0.0,0.94
experiment_e5c_tally,TallyQA,llava-next-interleaved-7b,a,S4,entropy_top_k,Q2,250,250,250,0.0,0.056,0.752
experiment_e5c_tally,TallyQA,llava-next-interleaved-7b,a,S4,entropy_top_k,Q3,250,250,250,0.0,0.072,0.552
experiment_e5c_tally,TallyQA,llava-next-interleaved-7b,a,S4,entropy_top_k,Q4,250,250,249,0.008,0.08032128514056225,0.372
experiment_e5c_tally,TallyQA,llava-next-interleaved-7b,a,S5,softmax_top1_prob,Q1,246,246,246,0.0,0.0,0.9186991869918699
experiment_e5c_tally,TallyQA,llava-next-interleaved-7b,a,S5,softmax_top1_prob,Q2,246,246,246,0.0,0.024390243902439025,0.8008130081300813
experiment_e5c_tally,TallyQA,llava-next-interleaved-7b,a,S5,softmax_top1_prob,Q3,246,246,246,0.0,0.028455284552845527,0.5121951219512195
experiment_e5c_tally,TallyQA,llava-next-interleaved-7b,a,S5,softmax_top1_prob,Q4,246,246,244,0.0,0.10655737704918032,0.4268292682926829
experiment_e5c_tally,TallyQA,llava-next-interleaved-7b,a,S5,top1_minus_top2_margin,Q1,250,250,249,0.0,0.0321285140562249,0.588
experiment_e5c_tally,TallyQA,llava-next-interleaved-7b,a,S5,top1_minus_top2_margin,Q2,250,250,249,0.0,0.01606425702811245,0.596
experiment_e5c_tally,TallyQA,llava-next-interleaved-7b,a,S5,top1_minus_top2_margin,Q3,250,250,250,0.0,0.024,0.612
experiment_e5c_tally,TallyQA,llava-next-interleaved-7b,a,S5,top1_minus_top2_margin,Q4,250,250,250,0.0,0.084,0.82
experiment_e5c_tally,TallyQA,llava-next-interleaved-7b,a,S5,entropy_top_k,Q1,250,250,250,0.0,0.0,0.94
experiment_e5c_tally,TallyQA,llava-next-interleaved-7b,a,S5,entropy_top_k,Q2,250,250,250,0.0,0.056,0.752
experiment_e5c_tally,TallyQA,llava-next-interleaved-7b,a,S5,entropy_top_k,Q3,250,250,250,0.0,0.064,0.552
experiment_e5c_tally,TallyQA,llava-next-interleaved-7b,a,S5,entropy_top_k,Q4,250,250,248,0.0,0.036290322580645164,0.372
experiment_e5c_tally,TallyQA,llava-next-interleaved-7b,m,S1,softmax_top1_prob,Q1,246,173,246,0.0,0.0,0.9186991869918699
experiment_e5c_tally,TallyQA,llava-next-interleaved-7b,m,S1,softmax_top1_prob,Q2,246,155,246,0.03870967741935484,0.028455284552845527,0.8008130081300813
experiment_e5c_tally,TallyQA,llava-next-interleaved-7b,m,S1,softmax_top1_prob,Q3,246,179,246,0.05027932960893855,0.08130081300813008,0.5121951219512195
experiment_e5c_tally,TallyQA,llava-next-interleaved-7b,m,S1,softmax_top1_prob,Q4,246,171,244,0.12280701754385964,0.14344262295081966,0.4268292682926829
experiment_e5c_tally,TallyQA,llava-next-interleaved-7b,m,S1,top1_minus_top2_margin,Q1,250,185,249,0.04864864864864865,0.06827309236947791,0.588
experiment_e5c_tally,TallyQA,llava-next-interleaved-7b,m,S1,top1_minus_top2_margin,Q2,250,175,249,0.05142857142857143,0.060240963855421686,0.596
experiment_e5c_tally,TallyQA,llava-next-interleaved-7b,m,S1,top1_minus_top2_margin,Q3,250,172,250,0.05813953488372093,0.08,0.612
experiment_e5c_tally,TallyQA,llava-next-interleaved-7b,m,S1,top1_minus_top2_margin,Q4,250,162,250,0.05555555555555555,0.064,0.82
experiment_e5c_tally,TallyQA,llava-next-interleaved-7b,m,S1,entropy_top_k,Q1,250,175,250,0.005714285714285714,0.004,0.94
experiment_e5c_tally,TallyQA,llava-next-interleaved-7b,m,S1,entropy_top_k,Q2,250,158,250,0.06962025316455696,0.048,0.752
experiment_e5c_tally,TallyQA,llava-next-interleaved-7b,m,S1,entropy_top_k,Q3,250,178,250,0.0449438202247191,0.076,0.552
experiment_e5c_tally,TallyQA,llava-next-interleaved-7b,m,S1,entropy_top_k,Q4,250,183,248,0.09289617486338798,0.14516129032258066,0.372
experiment_e5c_tally,TallyQA,llava-next-interleaved-7b,m,S2,softmax_top1_prob,Q1,246,246,246,0.0,0.0040650406504065045,0.9186991869918699
experiment_e5c_tally,TallyQA,llava-next-interleaved-7b,m,S2,softmax_top1_prob,Q2,246,244,246,0.0,0.016260162601626018,0.8008130081300813
experiment_e5c_tally,TallyQA,llava-next-interleaved-7b,m,S2,softmax_top1_prob,Q3,246,241,246,0.008298755186721992,0.08536585365853659,0.5121951219512195
experiment_e5c_tally,TallyQA,llava-next-interleaved-7b,m,S2,softmax_top1_prob,Q4,246,238,244,0.01680672268907563,0.1598360655737705,0.4268292682926829
experiment_e5c_tally,TallyQA,llava-next-interleaved-7b,m,S2,top1_minus_top2_margin,Q1,250,246,249,0.008130081300813009,0.060240963855421686,0.588
experiment_e5c_tally,TallyQA,llava-next-interleaved-7b,m,S2,top1_minus_top2_margin,Q2,250,246,249,0.008130081300813009,0.08433734939759036,0.596
experiment_e5c_tally,TallyQA,llava-next-interleaved-7b,m,S2,top1_minus_top2_margin,Q3,250,244,250,0.004098360655737705,0.068,0.612
experiment_e5c_tally,TallyQA,llava-next-interleaved-7b,m,S2,top1_minus_top2_margin,Q4,250,246,250,0.008130081300813009,0.076,0.82
experiment_e5c_tally,TallyQA,llava-next-interleaved-7b,m,S2,entropy_top_k,Q1,250,250,250,0.0,0.004,0.94
experiment_e5c_tally,TallyQA,llava-next-interleaved-7b,m,S2,entropy_top_k,Q2,250,245,250,0.0,0.04,0.752
experiment_e5c_tally,TallyQA,llava-next-interleaved-7b,m,S2,entropy_top_k,Q3,250,247,250,0.008097165991902834,0.1,0.552
experiment_e5c_tally,TallyQA,llava-next-interleaved-7b,m,S2,entropy_top_k,Q4,250,240,248,0.020833333333333332,0.14516129032258066,0.372
experiment_e5c_tally,TallyQA,llava-next-interleaved-7b,m,S3,softmax_top1_prob,Q1,246,246,246,0.0,0.0040650406504065045,0.9186991869918699
experiment_e5c_tally,TallyQA,llava-next-interleaved-7b,m,S3,softmax_top1_prob,Q2,246,246,246,0.0,0.008130081300813009,0.8008130081300813
experiment_e5c_tally,TallyQA,llava-next-interleaved-7b,m,S3,softmax_top1_prob,Q3,246,246,246,0.0,0.032520325203252036,0.5121951219512195
experiment_e5c_tally,TallyQA,llava-next-interleaved-7b,m,S3,softmax_top1_prob,Q4,246,246,244,0.0,0.0942622950819672,0.4268292682926829
experiment_e5c_tally,TallyQA,llava-next-interleaved-7b,m,S3,top1_minus_top2_margin,Q1,250,249,249,0.0,0.024096385542168676,0.588
experiment_e5c_tally,TallyQA,llava-next-interleaved-7b,m,S3,top1_minus_top2_margin,Q2,250,250,249,0.0,0.008032128514056224,0.596
experiment_e5c_tally,TallyQA,llava-next-interleaved-7b,m,S3,top1_minus_top2_margin,Q3,250,250,250,0.0,0.032,0.612
experiment_e5c_tally,TallyQA,llava-next-interleaved-7b,m,S3,top1_minus_top2_margin,Q4,250,250,250,0.0,0.072,0.82
experiment_e5c_tally,TallyQA,llava-next-interleaved-7b,m,S3,entropy_top_k,Q1,250,250,250,0.0,0.004,0.94
experiment_e5c_tally,TallyQA,llava-next-interleaved-7b,m,S3,entropy_top_k,Q2,250,250,250,0.0,0.044,0.752
experiment_e5c_tally,TallyQA,llava-next-interleaved-7b,m,S3,entropy_top_k,Q3,250,250,250,0.0,0.052,0.552
experiment_e5c_tally,TallyQA,llava-next-interleaved-7b,m,S3,entropy_top_k,Q4,250,249,248,0.0,0.036290322580645164,0.372
experiment_e5c_tally,TallyQA,llava-next-interleaved-7b,m,S4,softmax_top1_prob,Q1,246,246,246,0.0,0.0040650406504065045,0.9186991869918699
experiment_e5c_tally,TallyQA,llava-next-interleaved-7b,m,S4,softmax_top1_prob,Q2,246,246,246,0.0,0.008130081300813009,0.8008130081300813
experiment_e5c_tally,TallyQA,llava-next-interleaved-7b,m,S4,softmax_top1_prob,Q3,246,246,246,0.0,0.044715447154471545,0.5121951219512195
experiment_e5c_tally,TallyQA,llava-next-interleaved-7b,m,S4,softmax_top1_prob,Q4,246,246,244,0.0,0.09836065573770492,0.4268292682926829
experiment_e5c_tally,TallyQA,llava-next-interleaved-7b,m,S4,top1_minus_top2_margin,Q1,250,250,249,0.0,0.020080321285140562,0.588
experiment_e5c_tally,TallyQA,llava-next-interleaved-7b,m,S4,top1_minus_top2_margin,Q2,250,250,249,0.0,0.020080321285140562,0.596
experiment_e5c_tally,TallyQA,llava-next-interleaved-7b,m,S4,top1_minus_top2_margin,Q3,250,250,250,0.0,0.032,0.612
experiment_e5c_tally,TallyQA,llava-next-interleaved-7b,m,S4,top1_minus_top2_margin,Q4,250,250,250,0.0,0.08,0.82
experiment_e5c_tally,TallyQA,llava-next-interleaved-7b,m,S4,entropy_top_k,Q1,250,250,250,0.0,0.004,0.94
experiment_e5c_tally,TallyQA,llava-next-interleaved-7b,m,S4,entropy_top_k,Q2,250,250,250,0.0,0.04,0.752
experiment_e5c_tally,TallyQA,llava-next-interleaved-7b,m,S4,entropy_top_k,Q3,250,250,250,0.0,0.072,0.552
experiment_e5c_tally,TallyQA,llava-next-interleaved-7b,m,S4,entropy_top_k,Q4,250,250,248,0.0,0.036290322580645164,0.372
experiment_e5c_tally,TallyQA,llava-next-interleaved-7b,m,S5,softmax_top1_prob,Q1,246,246,246,0.0,0.0,0.9186991869918699
experiment_e5c_tally,TallyQA,llava-next-interleaved-7b,m,S5,softmax_top1_prob,Q2,246,246,246,0.0,0.016260162601626018,0.8008130081300813
experiment_e5c_tally,TallyQA,llava-next-interleaved-7b,m,S5,softmax_top1_prob,Q3,246,246,246,0.0,0.036585365853658534,0.5121951219512195
experiment_e5c_tally,TallyQA,llava-next-interleaved-7b,m,S5,softmax_top1_prob,Q4,246,246,244,0.0,0.0860655737704918,0.4268292682926829
experiment_e5c_tally,TallyQA,llava-next-interleaved-7b,m,S5,top1_minus_top2_margin,Q1,250,250,249,0.0,0.024096385542168676,0.588
experiment_e5c_tally,TallyQA,llava-next-interleaved-7b,m,S5,top1_minus_top2_margin,Q2,250,250,249,0.0,0.020080321285140562,0.596
experiment_e5c_tally,TallyQA,llava-next-interleaved-7b,m,S5,top1_minus_top2_margin,Q3,250,250,250,0.0,0.028,0.612
experiment_e5c_tally,TallyQA,llava-next-interleaved-7b,m,S5,top1_minus_top2_margin,Q4,250,250,250,0.0,0.064,0.82
experiment_e5c_tally,TallyQA,llava-next-interleaved-7b,m,S5,entropy_top_k,Q1,250,250,250,0.0,0.0,0.94
experiment_e5c_tally,TallyQA,llava-next-interleaved-7b,m,S5,entropy_top_k,Q2,250,250,250,0.0,0.044,0.752
experiment_e5c_tally,TallyQA,llava-next-interleaved-7b,m,S5,entropy_top_k,Q3,250,250,250,0.0,0.048,0.552
experiment_e5c_tally,TallyQA,llava-next-interleaved-7b,m,S5,entropy_top_k,Q4,250,250,248,0.0,0.04435483870967742,0.372
experiment_e5c_vqa,VQAv2,llava-next-interleaved-7b,a,S1,softmax_top1_prob,Q1,243,160,243,0.0375,0.024691358024691357,0.9259259259259259
experiment_e5c_vqa,VQAv2,llava-next-interleaved-7b,a,S1,softmax_top1_prob,Q2,243,152,243,0.05921052631578947,0.0411522633744856,0.720164609053498
experiment_e5c_vqa,VQAv2,llava-next-interleaved-7b,a,S1,softmax_top1_prob,Q3,243,158,242,0.1518987341772152,0.1322314049586777,0.49382716049382713
experiment_e5c_vqa,VQAv2,llava-next-interleaved-7b,a,S1,softmax_top1_prob,Q4,243,181,241,0.17679558011049723,0.21991701244813278,0.3168724279835391
experiment_e5c_vqa,VQAv2,llava-next-interleaved-7b,a,S1,top1_minus_top2_margin,Q1,250,169,250,0.07692307692307693,0.064,0.544
experiment_e5c_vqa,VQAv2,llava-next-interleaved-7b,a,S1,top1_minus_top2_margin,Q2,250,167,250,0.07784431137724551,0.112,0.584
experiment_e5c_vqa,VQAv2,llava-next-interleaved-7b,a,S1,top1_minus_top2_margin,Q3,250,173,250,0.15606936416184972,0.124,0.628
experiment_e5c_vqa,VQAv2,llava-next-interleaved-7b,a,S1,top1_minus_top2_margin,Q4,250,170,247,0.14705882352941177,0.15789473684210525,0.648
experiment_e5c_vqa,VQAv2,llava-next-interleaved-7b,a,S1,entropy_top_k,Q1,250,164,250,0.042682926829268296,0.032,0.924
experiment_e5c_vqa,VQAv2,llava-next-interleaved-7b,a,S1,entropy_top_k,Q2,250,155,250,0.08387096774193549,0.08,0.724
experiment_e5c_vqa,VQAv2,llava-next-interleaved-7b,a,S1,entropy_top_k,Q3,250,174,249,0.14942528735632185,0.13654618473895583,0.42
experiment_e5c_vqa,VQAv2,llava-next-interleaved-7b,a,S1,entropy_top_k,Q4,250,186,248,0.17204301075268819,0.20967741935483872,0.336
experiment_e5c_vqa,VQAv2,llava-next-interleaved-7b,a,S2,softmax_top1_prob,Q1,243,241,243,0.016597510373443983,0.024691358024691357,0.9259259259259259
experiment_e5c_vqa,VQAv2,llava-next-interleaved-7b,a,S2,softmax_top1_prob,Q2,243,240,243,0.016666666666666666,0.053497942386831275,0.720164609053498
experiment_e5c_vqa,VQAv2,llava-next-interleaved-7b,a,S2,softmax_top1_prob,Q3,243,240,242,0.016666666666666666,0.13636363636363635,0.49382716049382713
experiment_e5c_vqa,VQAv2,llava-next-interleaved-7b,a,S2,softmax_top1_prob,Q4,243,230,242,0.04782608695652174,0.18181818181818182,0.3168724279835391
experiment_e5c_vqa,VQAv2,llava-next-interleaved-7b,a,S2,top1_minus_top2_margin,Q1,250,242,250,0.008264462809917356,0.064,0.544
experiment_e5c_vqa,VQAv2,llava-next-interleaved-7b,a,S2,top1_minus_top2_margin,Q2,250,245,250,0.0163265306122449,0.12,0.584
experiment_e5c_vqa,VQAv2,llava-next-interleaved-7b,a,S2,top1_minus_top2_margin,Q3,250,244,250,0.028688524590163935,0.104,0.628
experiment_e5c_vqa,VQAv2,llava-next-interleaved-7b,a,S2,top1_minus_top2_margin,Q4,250,247,247,0.06477732793522267,0.15384615384615385,0.648
experiment_e5c_vqa,VQAv2,llava-next-interleaved-7b,a,S2,entropy_top_k,Q1,250,247,250,0.024291497975708502,0.032,0.924
experiment_e5c_vqa,VQAv2,llava-next-interleaved-7b,a,S2,entropy_top_k,Q2,250,245,250,0.036734693877551024,0.12,0.724
experiment_e5c_vqa,VQAv2,llava-next-interleaved-7b,a,S2,entropy_top_k,Q3,250,243,249,0.0205761316872428,0.11646586345381527,0.42
experiment_e5c_vqa,VQAv2,llava-next-interleaved-7b,a,S2,entropy_top_k,Q4,250,243,248,0.037037037037037035,0.17338709677419356,0.336
experiment_e5c_vqa,VQAv2,llava-next-interleaved-7b,a,S3,softmax_top1_prob,Q1,243,243,243,0.01646090534979424,0.0205761316872428,0.9259259259259259
experiment_e5c_vqa,VQAv2,llava-next-interleaved-7b,a,S3,softmax_top1_prob,Q2,243,243,243,0.00823045267489712,0.0205761316872428,0.720164609053498
experiment_e5c_vqa,VQAv2,llava-next-interleaved-7b,a,S3,softmax_top1_prob,Q3,243,243,242,0.00823045267489712,0.09090909090909091,0.49382716049382713
experiment_e5c_vqa,VQAv2,llava-next-interleaved-7b,a,S3,softmax_top1_prob,Q4,243,242,241,0.02066115702479339,0.14522821576763487,0.3168724279835391
experiment_e5c_vqa,VQAv2,llava-next-interleaved-7b,a,S3,top1_minus_top2_margin,Q1,250,250,250,0.012,0.048,0.544
experiment_e5c_vqa,VQAv2,llava-next-interleaved-7b,a,S3,top1_minus_top2_margin,Q2,250,248,250,0.016129032258064516,0.052,0.584
experiment_e5c_vqa,VQAv2,llava-next-interleaved-7b,a,S3,top1_minus_top2_margin,Q3,250,250,250,0.028,0.08,0.628
experiment_e5c_vqa,VQAv2,llava-next-interleaved-7b,a,S3,top1_minus_top2_margin,Q4,250,250,247,0.024,0.12550607287449392,0.648
experiment_e5c_vqa,VQAv2,llava-next-interleaved-7b,a,S3,entropy_top_k,Q1,250,250,250,0.024,0.032,0.924
experiment_e5c_vqa,VQAv2,llava-next-interleaved-7b,a,S3,entropy_top_k,Q2,250,250,250,0.0,0.072,0.724
experiment_e5c_vqa,VQAv2,llava-next-interleaved-7b,a,S3,entropy_top_k,Q3,250,250,249,0.012,0.09236947791164658,0.42
experiment_e5c_vqa,VQAv2,llava-next-interleaved-7b,a,S3,entropy_top_k,Q4,250,248,248,0.04435483870967742,0.10887096774193548,0.336
experiment_e5c_vqa,VQAv2,llava-next-interleaved-7b,a,S4,softmax_top1_prob,Q1,243,243,243,0.0205761316872428,0.024691358024691357,0.9259259259259259
experiment_e5c_vqa,VQAv2,llava-next-interleaved-7b,a,S4,softmax_top1_prob,Q2,243,243,243,0.0,0.0205761316872428,0.720164609053498
experiment_e5c_vqa,VQAv2,llava-next-interleaved-7b,a,S4,softmax_top1_prob,Q3,243,243,242,0.00823045267489712,0.0743801652892562,0.49382716049382713
experiment_e5c_vqa,VQAv2,llava-next-interleaved-7b,a,S4,softmax_top1_prob,Q4,243,243,242,0.0205761316872428,0.16115702479338842,0.3168724279835391
experiment_e5c_vqa,VQAv2,llava-next-interleaved-7b,a,S4,top1_minus_top2_margin,Q1,250,250,250,0.016,0.036,0.544
experiment_e5c_vqa,VQAv2,llava-next-interleaved-7b,a,S4,top1_minus_top2_margin,Q2,250,250,250,0.016,0.06,0.584
experiment_e5c_vqa,VQAv2,llava-next-interleaved-7b,a,S4,top1_minus_top2_margin,Q3,250,250,250,0.012,0.072,0.628
experiment_e5c_vqa,VQAv2,llava-next-interleaved-7b,a,S4,top1_minus_top2_margin,Q4,250,250,248,0.02,0.125,0.648
experiment_e5c_vqa,VQAv2,llava-next-interleaved-7b,a,S4,entropy_top_k,Q1,250,250,250,0.02,0.032,0.924
experiment_e5c_vqa,VQAv2,llava-next-interleaved-7b,a,S4,entropy_top_k,Q2,250,250,250,0.0,0.072,0.724
experiment_e5c_vqa,VQAv2,llava-next-interleaved-7b,a,S4,entropy_top_k,Q3,250,250,249,0.012,0.08433734939759036,0.42
experiment_e5c_vqa,VQAv2,llava-next-interleaved-7b,a,S4,entropy_top_k,Q4,250,250,249,0.032,0.10441767068273092,0.336
experiment_e5c_vqa,VQAv2,llava-next-interleaved-7b,a,S5,softmax_top1_prob,Q1,243,243,243,0.00411522633744856,0.012345679012345678,0.9259259259259259
experiment_e5c_vqa,VQAv2,llava-next-interleaved-7b,a,S5,softmax_top1_prob,Q2,243,243,243,0.00823045267489712,0.01646090534979424,0.720164609053498
experiment_e5c_vqa,VQAv2,llava-next-interleaved-7b,a,S5,softmax_top1_prob,Q3,243,243,242,0.00823045267489712,0.07851239669421488,0.49382716049382713
experiment_e5c_vqa,VQAv2,llava-next-interleaved-7b,a,S5,softmax_top1_prob,Q4,243,243,241,0.012345679012345678,0.14107883817427386,0.3168724279835391
experiment_e5c_vqa,VQAv2,llava-next-interleaved-7b,a,S5,top1_minus_top2_margin,Q1,250,250,250,0.004,0.028,0.544
experiment_e5c_vqa,VQAv2,llava-next-interleaved-7b,a,S5,top1_minus_top2_margin,Q2,250,250,250,0.016,0.052,0.584
experiment_e5c_vqa,VQAv2,llava-next-interleaved-7b,a,S5,top1_minus_top2_margin,Q3,250,250,250,0.012,0.076,0.628
experiment_e5c_vqa,VQAv2,llava-next-interleaved-7b,a,S5,top1_minus_top2_margin,Q4,250,250,247,0.02,0.10526315789473684,0.648
experiment_e5c_vqa,VQAv2,llava-next-interleaved-7b,a,S5,entropy_top_k,Q1,250,250,250,0.012,0.024,0.924
experiment_e5c_vqa,VQAv2,llava-next-interleaved-7b,a,S5,entropy_top_k,Q2,250,250,250,0.0,0.06,0.724
experiment_e5c_vqa,VQAv2,llava-next-interleaved-7b,a,S5,entropy_top_k,Q3,250,250,249,0.008,0.07630522088353414,0.42
experiment_e5c_vqa,VQAv2,llava-next-interleaved-7b,a,S5,entropy_top_k,Q4,250,250,248,0.032,0.10080645161290322,0.336
experiment_e5c_vqa,VQAv2,llava-next-interleaved-7b,m,S1,softmax_top1_prob,Q1,243,160,243,0.00625,0.00411522633744856,0.9259259259259259
experiment_e5c_vqa,VQAv2,llava-next-interleaved-7b,m,S1,softmax_top1_prob,Q2,243,152,243,0.05921052631578947,0.037037037037037035,0.720164609053498
experiment_e5c_vqa,VQAv2,llava-next-interleaved-7b,m,S1,softmax_top1_prob,Q3,243,158,242,0.0949367088607595,0.09090909090909091,0.49382716049382713
experiment_e5c_vqa,VQAv2,llava-next-interleaved-7b,m,S1,softmax_top1_prob,Q4,243,181,241,0.08839779005524862,0.15767634854771784,0.3168724279835391
experiment_e5c_vqa,VQAv2,llava-next-interleaved-7b,m,S1,top1_minus_top2_margin,Q1,250,169,250,0.029585798816568046,0.032,0.544
experiment_e5c_vqa,VQAv2,llava-next-interleaved-7b,m,S1,top1_minus_top2_margin,Q2,250,167,250,0.05389221556886228,0.092,0.584
experiment_e5c_vqa,VQAv2,llava-next-interleaved-7b,m,S1,top1_minus_top2_margin,Q3,250,173,250,0.09826589595375723,0.084,0.628
experiment_e5c_vqa,VQAv2,llava-next-interleaved-7b,m,S1,top1_minus_top2_margin,Q4,250,170,247,0.06470588235294118,0.10526315789473684,0.648
experiment_e5c_vqa,VQAv2,llava-next-interleaved-7b,m,S1,entropy_top_k,Q1,250,164,250,0.012195121951219513,0.012,0.924
experiment_e5c_vqa,VQAv2,llava-next-interleaved-7b,m,S1,entropy_top_k,Q2,250,155,250,0.05161290322580645,0.064,0.724
experiment_e5c_vqa,VQAv2,llava-next-interleaved-7b,m,S1,entropy_top_k,Q3,250,174,249,0.09195402298850575,0.09236947791164658,0.42
experiment_e5c_vqa,VQAv2,llava-next-interleaved-7b,m,S1,entropy_top_k,Q4,250,186,248,0.08602150537634409,0.14516129032258066,0.336
experiment_e5c_vqa,VQAv2,llava-next-interleaved-7b,m,S2,softmax_top1_prob,Q1,243,241,243,0.0,0.00823045267489712,0.9259259259259259
experiment_e5c_vqa,VQAv2,llava-next-interleaved-7b,m,S2,softmax_top1_prob,Q2,243,240,243,0.0,0.02880658436213992,0.720164609053498
experiment_e5c_vqa,VQAv2,llava-next-interleaved-7b,m,S2,softmax_top1_prob,Q3,243,240,242,0.0,0.10330578512396695,0.49382716049382713
experiment_e5c_vqa,VQAv2,llava-next-interleaved-7b,m,S2,softmax_top1_prob,Q4,243,230,242,0.030434782608695653,0.17768595041322313,0.3168724279835391
experiment_e5c_vqa,VQAv2,llava-next-interleaved-7b,m,S2,top1_minus_top2_margin,Q1,250,242,250,0.0,0.06,0.544
experiment_e5c_vqa,VQAv2,llava-next-interleaved-7b,m,S2,top1_minus_top2_margin,Q2,250,245,250,0.0,0.084,0.584
experiment_e5c_vqa,VQAv2,llava-next-interleaved-7b,m,S2,top1_minus_top2_margin,Q3,250,244,250,0.00819672131147541,0.084,0.628
experiment_e5c_vqa,VQAv2,llava-next-interleaved-7b,m,S2,top1_minus_top2_margin,Q4,250,247,248,0.020242914979757085,0.12096774193548387,0.648
experiment_e5c_vqa,VQAv2,llava-next-interleaved-7b,m,S2,entropy_top_k,Q1,250,247,250,0.0,0.008,0.924
experiment_e5c_vqa,VQAv2,llava-next-interleaved-7b,m,S2,entropy_top_k,Q2,250,245,250,0.0163265306122449,0.092,0.724
experiment_e5c_vqa,VQAv2,llava-next-interleaved-7b,m,S2,entropy_top_k,Q3,250,243,249,0.012345679012345678,0.10441767068273092,0.42
experiment_e5c_vqa,VQAv2,llava-next-interleaved-7b,m,S2,entropy_top_k,Q4,250,243,249,0.0,0.14457831325301204,0.336
experiment_e5c_vqa,VQAv2,llava-next-interleaved-7b,m,S3,softmax_top1_prob,Q1,243,243,243,0.0,0.00411522633744856,0.9259259259259259
experiment_e5c_vqa,VQAv2,llava-next-interleaved-7b,m,S3,softmax_top1_prob,Q2,243,243,243,0.0,0.012345679012345678,0.720164609053498
experiment_e5c_vqa,VQAv2,llava-next-interleaved-7b,m,S3,softmax_top1_prob,Q3,243,243,242,0.0,0.06611570247933884,0.49382716049382713
experiment_e5c_vqa,VQAv2,llava-next-interleaved-7b,m,S3,softmax_top1_prob,Q4,243,242,242,0.004132231404958678,0.1115702479338843,0.3168724279835391
experiment_e5c_vqa,VQAv2,llava-next-interleaved-7b,m,S3,top1_minus_top2_margin,Q1,250,250,250,0.0,0.036,0.544
experiment_e5c_vqa,VQAv2,llava-next-interleaved-7b,m,S3,top1_minus_top2_margin,Q2,250,248,250,0.0,0.028,0.584
experiment_e5c_vqa,VQAv2,llava-next-interleaved-7b,m,S3,top1_minus_top2_margin,Q3,250,250,250,0.008,0.056,0.628
experiment_e5c_vqa,VQAv2,llava-next-interleaved-7b,m,S3,top1_minus_top2_margin,Q4,250,250,247,0.0,0.08906882591093117,0.648
experiment_e5c_vqa,VQAv2,llava-next-interleaved-7b,m,S3,entropy_top_k,Q1,250,250,250,0.0,0.012,0.924
experiment_e5c_vqa,VQAv2,llava-next-interleaved-7b,m,S3,entropy_top_k,Q2,250,250,250,0.0,0.056,0.724
experiment_e5c_vqa,VQAv2,llava-next-interleaved-7b,m,S3,entropy_top_k,Q3,250,250,249,0.004,0.07630522088353414,0.42
experiment_e5c_vqa,VQAv2,llava-next-interleaved-7b,m,S3,entropy_top_k,Q4,250,248,248,0.004032258064516129,0.06451612903225806,0.336
experiment_e5c_vqa,VQAv2,llava-next-interleaved-7b,m,S4,softmax_top1_prob,Q1,243,243,243,0.0,0.00411522633744856,0.9259259259259259
experiment_e5c_vqa,VQAv2,llava-next-interleaved-7b,m,S4,softmax_top1_prob,Q2,243,243,243,0.0,0.01646090534979424,0.720164609053498
experiment_e5c_vqa,VQAv2,llava-next-interleaved-7b,m,S4,softmax_top1_prob,Q3,243,243,242,0.0,0.05371900826446281,0.49382716049382713
experiment_e5c_vqa,VQAv2,llava-next-interleaved-7b,m,S4,softmax_top1_prob,Q4,243,243,242,0.0,0.11570247933884298,0.3168724279835391
experiment_e5c_vqa,VQAv2,llava-next-interleaved-7b,m,S4,top1_minus_top2_margin,Q1,250,250,250,0.0,0.02,0.544
experiment_e5c_vqa,VQAv2,llava-next-interleaved-7b,m,S4,top1_minus_top2_margin,Q2,250,250,250,0.0,0.032,0.584
experiment_e5c_vqa,VQAv2,llava-next-interleaved-7b,m,S4,top1_minus_top2_margin,Q3,250,250,250,0.0,0.048,0.628
experiment_e5c_vqa,VQAv2,llava-next-interleaved-7b,m,S4,top1_minus_top2_margin,Q4,250,250,248,0.0,0.0846774193548387,0.648
experiment_e5c_vqa,VQAv2,llava-next-interleaved-7b,m,S4,entropy_top_k,Q1,250,250,250,0.0,0.012,0.924
experiment_e5c_vqa,VQAv2,llava-next-interleaved-7b,m,S4,entropy_top_k,Q2,250,250,250,0.0,0.056,0.724
experiment_e5c_vqa,VQAv2,llava-next-interleaved-7b,m,S4,entropy_top_k,Q3,250,250,249,0.0,0.0642570281124498,0.42
experiment_e5c_vqa,VQAv2,llava-next-interleaved-7b,m,S4,entropy_top_k,Q4,250,250,249,0.0,0.05220883534136546,0.336
experiment_e5c_vqa,VQAv2,llava-next-interleaved-7b,m,S5,softmax_top1_prob,Q1,243,243,243,0.0,0.00411522633744856,0.9259259259259259
experiment_e5c_vqa,VQAv2,llava-next-interleaved-7b,m,S5,softmax_top1_prob,Q2,243,243,243,0.0,0.00411522633744856,0.720164609053498
experiment_e5c_vqa,VQAv2,llava-next-interleaved-7b,m,S5,softmax_top1_prob,Q3,243,243,242,0.0,0.05371900826446281,0.49382716049382713
experiment_e5c_vqa,VQAv2,llava-next-interleaved-7b,m,S5,softmax_top1_prob,Q4,243,243,242,0.0,0.08677685950413223,0.3168724279835391
experiment_e5c_vqa,VQAv2,llava-next-interleaved-7b,m,S5,top1_minus_top2_margin,Q1,250,250,250,0.0,0.016,0.544
experiment_e5c_vqa,VQAv2,llava-next-interleaved-7b,m,S5,top1_minus_top2_margin,Q2,250,250,250,0.0,0.036,0.584
experiment_e5c_vqa,VQAv2,llava-next-interleaved-7b,m,S5,top1_minus_top2_margin,Q3,250,250,250,0.0,0.044,0.628
experiment_e5c_vqa,VQAv2,llava-next-interleaved-7b,m,S5,top1_minus_top2_margin,Q4,250,250,248,0.0,0.05241935483870968,0.648
experiment_e5c_vqa,VQAv2,llava-next-interleaved-7b,m,S5,entropy_top_k,Q1,250,250,250,0.0,0.008,0.924
experiment_e5c_vqa,VQAv2,llava-next-interleaved-7b,m,S5,entropy_top_k,Q2,250,250,250,0.0,0.04,0.724
experiment_e5c_vqa,VQAv2,llava-next-interleaved-7b,m,S5,entropy_top_k,Q3,250,250,249,0.0,0.05220883534136546,0.42
experiment_e5c_vqa,VQAv2,llava-next-interleaved-7b,m,S5,entropy_top_k,Q4,250,250,249,0.0,0.04819277108433735,0.336
experiment_e5d_chartqa_validation,ChartQA,llava-next-interleaved-7b,a,S1,softmax_top1_prob,Q1,10,8,8,0.0,0.0,0.6
experiment_e5d_chartqa_validation,ChartQA,llava-next-interleaved-7b,a,S1,softmax_top1_prob,Q2,9,8,9,0.125,0.1111111111111111,0.3333333333333333
experiment_e5d_chartqa_validation,ChartQA,llava-next-interleaved-7b,a,S1,softmax_top1_prob,Q3,9,6,8,0.0,0.125,0.1111111111111111
experiment_e5d_chartqa_validation,ChartQA,llava-next-interleaved-7b,a,S1,softmax_top1_prob,Q4,9,7,9,0.0,0.0,0.1111111111111111
experiment_e5d_chartqa_validation,ChartQA,llava-next-interleaved-7b,a,S1,top1_minus_top2_margin,Q1,46,41,40,0.04878048780487805,0.25,0.2391304347826087
experiment_e5d_chartqa_validation,ChartQA,llava-next-interleaved-7b,a,S1,top1_minus_top2_margin,Q2,46,41,43,0.04878048780487805,0.23255813953488372,0.41304347826086957
experiment_e5d_chartqa_validation,ChartQA,llava-next-interleaved-7b,a,S1,top1_minus_top2_margin,Q3,46,40,43,0.0,0.16279069767441862,0.3695652173913043
experiment_e5d_chartqa_validation,ChartQA,llava-next-interleaved-7b,a,S1,top1_minus_top2_margin,Q4,45,42,43,0.047619047619047616,0.11627906976744186,0.4666666666666667
experiment_e5d_chartqa_validation,ChartQA,llava-next-interleaved-7b,a,S1,entropy_top_k,Q1,46,38,46,0.0,0.0,0.8043478260869565
experiment_e5d_chartqa_validation,ChartQA,llava-next-interleaved-7b,a,S1,entropy_top_k,Q2,46,40,44,0.025,0.1590909090909091,0.41304347826086957
experiment_e5d_chartqa_validation,ChartQA,llava-next-interleaved-7b,a,S1,entropy_top_k,Q3,46,42,45,0.11904761904761904,0.4,0.15217391304347827
experiment_e5d_chartqa_validation,ChartQA,llava-next-interleaved-7b,a,S1,entropy_top_k,Q4,45,44,34,0.0,0.20588235294117646,0.1111111111111111
experiment_e5d_chartqa_validation,ChartQA,llava-next-interleaved-7b,a,S2,softmax_top1_prob,Q1,10,10,8,0.0,0.0,0.6
experiment_e5d_chartqa_validation,ChartQA,llava-next-interleaved-7b,a,S2,softmax_top1_prob,Q2,10,10,10,0.0,0.1,0.4
experiment_e5d_chartqa_validation,ChartQA,llava-next-interleaved-7b,a,S2,softmax_top1_prob,Q3,10,10,9,0.0,0.2222222222222222,0.0
experiment_e5d_chartqa_validation,ChartQA,llava-next-interleaved-7b,a,S2,softmax_top1_prob,Q4,9,9,9,0.0,0.0,0.1111111111111111
experiment_e5d_chartqa_validation,ChartQA,llava-next-interleaved-7b,a,S2,top1_minus_top2_margin,Q1,49,47,43,0.0,0.13953488372093023,0.24489795918367346
experiment_e5d_chartqa_validation,ChartQA,llava-next-interleaved-7b,a,S2,top1_minus_top2_margin,Q2,49,48,45,0.020833333333333332,0.13333333333333333,0.3877551020408163
experiment_e5d_chartqa_validation,ChartQA,llava-next-interleaved-7b,a,S2,top1_minus_top2_margin,Q3,49,49,44,0.02040816326530612,0.18181818181818182,0.3469387755102041
experiment_e5d_chartqa_validation,ChartQA,llava-next-interleaved-7b,a,S2,top1_minus_top2_margin,Q4,49,49,46,0.02040816326530612,0.08695652173913043,0.46938775510204084
experiment_e5d_chartqa_validation,ChartQA,llava-next-interleaved-7b,a,S2,entropy_top_k,Q1,49,49,49,0.0,0.0,0.7755102040816326
experiment_e5d_chartqa_validation,ChartQA,llava-next-interleaved-7b,a,S2,entropy_top_k,Q2,49,49,46,0.02040816326530612,0.13043478260869565,0.3877551020408163
experiment_e5d_chartqa_validation,ChartQA,llava-next-interleaved-7b,a,S2,entropy_top_k,Q3,49,47,48,0.02127659574468085,0.20833333333333334,0.16326530612244897
experiment_e5d_chartqa_validation,ChartQA,llava-next-interleaved-7b,a,S2,entropy_top_k,Q4,49,48,35,0.020833333333333332,0.22857142857142856,0.12244897959183673
experiment_e5d_chartqa_validation,ChartQA,llava-next-interleaved-7b,a,S3,softmax_top1_prob,Q1,10,10,8,0.1,0.25,0.6
experiment_e5d_chartqa_validation,ChartQA,llava-next-interleaved-7b,a,S3,softmax_top1_prob,Q2,10,10,10,0.0,0.1,0.4
experiment_e5d_chartqa_validation,ChartQA,llava-next-interleaved-7b,a,S3,softmax_top1_prob,Q3,10,9,9,0.0,0.1111111111111111,0.0
experiment_e5d_chartqa_validation,ChartQA,llava-next-interleaved-7b,a,S3,softmax_top1_prob,Q4,9,9,9,0.0,0.2222222222222222,0.1111111111111111
experiment_e5d_chartqa_validation,ChartQA,llava-next-interleaved-7b,a,S3,top1_minus_top2_margin,Q1,50,50,44,0.04,0.29545454545454547,0.24
experiment_e5d_chartqa_validation,ChartQA,llava-next-interleaved-7b,a,S3,top1_minus_top2_margin,Q2,50,50,46,0.0,0.10869565217391304,0.4
experiment_e5d_chartqa_validation,ChartQA,llava-next-interleaved-7b,a,S3,top1_minus_top2_margin,Q3,50,49,47,0.04081632653061224,0.1702127659574468,0.32
experiment_e5d_chartqa_validation,ChartQA,llava-next-interleaved-7b,a,S3,top1_minus_top2_margin,Q4,50,50,48,0.0,0.10416666666666667,0.46
experiment_e5d_chartqa_validation,ChartQA,llava-next-interleaved-7b,a,S3,entropy_top_k,Q1,50,50,49,0.0,0.04081632653061224,0.76
experiment_e5d_chartqa_validation,ChartQA,llava-next-interleaved-7b,a,S3,entropy_top_k,Q2,50,50,49,0.0,0.14285714285714285,0.42
experiment_e5d_chartqa_validation,ChartQA,llava-next-interleaved-7b,a,S3,entropy_top_k,Q3,50,49,49,0.0,0.22448979591836735,0.14
experiment_e5d_chartqa_validation,ChartQA,llava-next-interleaved-7b,a,S3,entropy_top_k,Q4,50,50,38,0.08,0.2894736842105263,0.1
experiment_e5d_chartqa_validation,ChartQA,llava-next-interleaved-7b,a,S4,softmax_top1_prob,Q1,10,10,8,0.0,0.0,0.6
experiment_e5d_chartqa_validation,ChartQA,llava-next-interleaved-7b,a,S4,softmax_top1_prob,Q2,10,10,9,0.0,0.1111111111111111,0.4
experiment_e5d_chartqa_validation,ChartQA,llava-next-interleaved-7b,a,S4,softmax_top1_prob,Q3,10,10,9,0.0,0.1111111111111111,0.0
experiment_e5d_chartqa_validation,ChartQA,llava-next-interleaved-7b,a,S4,softmax_top1_prob,Q4,9,9,9,0.0,0.4444444444444444,0.1111111111111111
experiment_e5d_chartqa_validation,ChartQA,llava-next-interleaved-7b,a,S4,top1_minus_top2_margin,Q1,50,50,45,0.0,0.2,0.24
experiment_e5d_chartqa_validation,ChartQA,llava-next-interleaved-7b,a,S4,top1_minus_top2_margin,Q2,50,50,45,0.0,0.15555555555555556,0.4
experiment_e5d_chartqa_validation,ChartQA,llava-next-interleaved-7b,a,S4,top1_minus_top2_margin,Q3,50,50,47,0.0,0.1702127659574468,0.32
experiment_e5d_chartqa_validation,ChartQA,llava-next-interleaved-7b,a,S4,top1_minus_top2_margin,Q4,50,50,48,0.0,0.10416666666666667,0.46
experiment_e5d_chartqa_validation,ChartQA,llava-next-interleaved-7b,a,S4,entropy_top_k,Q1,50,50,49,0.0,0.02040816326530612,0.76
experiment_e5d_chartqa_validation,ChartQA,llava-next-interleaved-7b,a,S4,entropy_top_k,Q2,50,50,49,0.0,0.14285714285714285,0.42
experiment_e5d_chartqa_validation,ChartQA,llava-next-interleaved-7b,a,S4,entropy_top_k,Q3,50,50,49,0.0,0.22448979591836735,0.14
experiment_e5d_chartqa_validation,ChartQA,llava-next-interleaved-7b,a,S4,entropy_top_k,Q4,50,50,38,0.0,0.2631578947368421,0.1
experiment_e5d_chartqa_validation,ChartQA,llava-next-interleaved-7b,a,S5,softmax_top1_prob,Q1,10,10,8,0.0,0.0,0.6
experiment_e5d_chartqa_validation,ChartQA,llava-next-interleaved-7b,a,S5,softmax_top1_prob,Q2,10,10,10,0.0,0.0,0.4
experiment_e5d_chartqa_validation,ChartQA,llava-next-interleaved-7b,a,S5,softmax_top1_prob,Q3,10,10,9,0.0,0.0,0.0
experiment_e5d_chartqa_validation,ChartQA,llava-next-interleaved-7b,a,S5,softmax_top1_prob,Q4,9,9,9,0.0,0.2222222222222222,0.1111111111111111
experiment_e5d_chartqa_validation,ChartQA,llava-next-interleaved-7b,a,S5,top1_minus_top2_margin,Q1,50,50,44,0.0,0.1590909090909091,0.24
experiment_e5d_chartqa_validation,ChartQA,llava-next-interleaved-7b,a,S5,top1_minus_top2_margin,Q2,50,50,46,0.0,0.10869565217391304,0.4
experiment_e5d_chartqa_validation,ChartQA,llava-next-interleaved-7b,a,S5,top1_minus_top2_margin,Q3,50,50,47,0.02,0.19148936170212766,0.32
experiment_e5d_chartqa_validation,ChartQA,llava-next-interleaved-7b,a,S5,top1_minus_top2_margin,Q4,50,50,47,0.0,0.10638297872340426,0.46
experiment_e5d_chartqa_validation,ChartQA,llava-next-interleaved-7b,a,S5,entropy_top_k,Q1,50,50,49,0.0,0.0,0.76
experiment_e5d_chartqa_validation,ChartQA,llava-next-interleaved-7b,a,S5,entropy_top_k,Q2,50,50,49,0.0,0.12244897959183673,0.42
experiment_e5d_chartqa_validation,ChartQA,llava-next-interleaved-7b,a,S5,entropy_top_k,Q3,50,50,49,0.0,0.22448979591836735,0.14
experiment_e5d_chartqa_validation,ChartQA,llava-next-interleaved-7b,a,S5,entropy_top_k,Q4,50,50,37,0.02,0.24324324324324326,0.1
experiment_e5d_mathvista_validation,MathVista,llava-next-interleaved-7b,a,S1,softmax_top1_prob,Q1,14,7,14,0.0,0.14285714285714285,0.6428571428571429
experiment_e5d_mathvista_validation,MathVista,llava-next-interleaved-7b,a,S1,softmax_top1_prob,Q2,14,12,13,0.16666666666666666,0.38461538461538464,0.35714285714285715
experiment_e5d_mathvista_validation,MathVista,llava-next-interleaved-7b,a,S1,softmax_top1_prob,Q3,14,14,13,0.0,0.3076923076923077,0.07142857142857142
experiment_e5d_mathvista_validation,MathVista,llava-next-interleaved-7b,a,S1,softmax_top1_prob,Q4,13,9,12,0.0,0.08333333333333333,0.15384615384615385
experiment_e5d_mathvista_validation,MathVista,llava-next-interleaved-7b,a,S1,top1_minus_top2_margin,Q1,34,31,30,0.12903225806451613,0.5666666666666667,0.20588235294117646
experiment_e5d_mathvista_validation,MathVista,llava-next-interleaved-7b,a,S1,top1_minus_top2_margin,Q2,34,30,33,0.13333333333333333,0.18181818181818182,0.23529411764705882
experiment_e5d_mathvista_validation,MathVista,llava-next-interleaved-7b,a,S1,top1_minus_top2_margin,Q3,34,31,32,0.06451612903225806,0.25,0.20588235294117646
experiment_e5d_mathvista_validation,MathVista,llava-next-interleaved-7b,a,S1,top1_minus_top2_margin,Q4,34,23,34,0.13043478260869565,0.20588235294117646,0.2647058823529412
experiment_e5d_mathvista_validation,MathVista,llava-next-interleaved-7b,a,S1,entropy_top_k,Q1,34,22,34,0.045454545454545456,0.08823529411764706,0.5294117647058824
experiment_e5d_mathvista_validation,MathVista,llava-next-interleaved-7b,a,S1,entropy_top_k,Q2,34,30,32,0.1,0.21875,0.17647058823529413
experiment_e5d_mathvista_validation,MathVista,llava-next-interleaved-7b,a,S1,entropy_top_k,Q3,34,31,34,0.12903225806451613,0.3235294117647059,0.08823529411764706
experiment_e5d_mathvista_validation,MathVista,llava-next-interleaved-7b,a,S1,entropy_top_k,Q4,34,32,29,0.15625,0.5862068965517241,0.11764705882352941
experiment_e5d_mathvista_validation,MathVista,llava-next-interleaved-7b,a,S2,softmax_top1_prob,Q1,15,15,15,0.0,0.06666666666666667,0.6666666666666666
experiment_e5d_mathvista_validation,MathVista,llava-next-interleaved-7b,a,S2,softmax_top1_prob,Q2,14,14,13,0.07142857142857142,0.15384615384615385,0.2857142857142857
experiment_e5d_mathvista_validation,MathVista,llava-next-interleaved-7b,a,S2,softmax_top1_prob,Q3,15,15,13,0.0,0.15384615384615385,0.06666666666666667
experiment_e5d_mathvista_validation,MathVista,llava-next-interleaved-7b,a,S2,softmax_top1_prob,Q4,14,14,13,0.07142857142857142,0.3076923076923077,0.14285714285714285
experiment_e5d_mathvista_validation,MathVista,llava-next-interleaved-7b,a,S2,top1_minus_top2_margin,Q1,38,36,33,0.027777777777777776,0.3939393939393939,0.18421052631578946
experiment_e5d_mathvista_validation,MathVista,llava-next-interleaved-7b,a,S2,top1_minus_top2_margin,Q2,38,38,37,0.07894736842105263,0.1891891891891892,0.2631578947368421
experiment_e5d_mathvista_validation,MathVista,llava-next-interleaved-7b,a,S2,top1_minus_top2_margin,Q3,38,34,36,0.08823529411764706,0.16666666666666666,0.18421052631578946
experiment_e5d_mathvista_validation,MathVista,llava-next-interleaved-7b,a,S2,top1_minus_top2_margin,Q4,38,38,37,0.05263157894736842,0.1891891891891892,0.2894736842105263
experiment_e5d_mathvista_validation,MathVista,llava-next-interleaved-7b,a,S2,entropy_top_k,Q1,38,37,38,0.05405405405405406,0.10526315789473684,0.5
experiment_e5d_mathvista_validation,MathVista,llava-next-interleaved-7b,a,S2,entropy_top_k,Q2,38,35,35,0.02857142857142857,0.17142857142857143,0.18421052631578946
experiment_e5d_mathvista_validation,MathVista,llava-next-interleaved-7b,a,S2,entropy_top_k,Q3,38,37,38,0.02702702702702703,0.23684210526315788,0.13157894736842105
experiment_e5d_mathvista_validation,MathVista,llava-next-interleaved-7b,a,S2,entropy_top_k,Q4,38,37,32,0.13513513513513514,0.4375,0.10526315789473684
experiment_e5d_mathvista_validation,MathVista,llava-next-interleaved-7b,a,S3,softmax_top1_prob,Q1,15,15,15,0.0,0.06666666666666667,0.6666666666666666
experiment_e5d_mathvista_validation,MathVista,llava-next-interleaved-7b,a,S3,softmax_top1_prob,Q2,14,14,13,0.0,0.23076923076923078,0.2857142857142857
experiment_e5d_mathvista_validation,MathVista,llava-next-interleaved-7b,a,S3,softmax_top1_prob,Q3,15,15,15,0.06666666666666667,0.26666666666666666,0.06666666666666667
experiment_e5d_mathvista_validation,MathVista,llava-next-interleaved-7b,a,S3,softmax_top1_prob,Q4,14,14,14,0.0,0.14285714285714285,0.14285714285714285
experiment_e5d_mathvista_validation,MathVista,llava-next-interleaved-7b,a,S3,top1_minus_top2_margin,Q1,39,38,37,0.02631578947368421,0.40540540540540543,0.1794871794871795
experiment_e5d_mathvista_validation,MathVista,llava-next-interleaved-7b,a,S3,top1_minus_top2_margin,Q2,38,38,36,0.13157894736842105,0.3333333333333333,0.2631578947368421
experiment_e5d_mathvista_validation,MathVista,llava-next-interleaved-7b,a,S3,top1_minus_top2_margin,Q3,38,37,37,0.08108108108108109,0.1891891891891892,0.18421052631578946
experiment_e5d_mathvista_validation,MathVista,llava-next-interleaved-7b,a,S3,top1_minus_top2_margin,Q4,38,38,38,0.05263157894736842,0.23684210526315788,0.2894736842105263
experiment_e5d_mathvista_validation,MathVista,llava-next-interleaved-7b,a,S3,entropy_top_k,Q1,39,39,39,0.02564102564102564,0.15384615384615385,0.48717948717948717
experiment_e5d_mathvista_validation,MathVista,llava-next-interleaved-7b,a,S3,entropy_top_k,Q2,38,38,37,0.02631578947368421,0.24324324324324326,0.18421052631578946
experiment_e5d_mathvista_validation,MathVista,llava-next-interleaved-7b,a,S3,entropy_top_k,Q3,38,37,38,0.08108108108108109,0.3157894736842105,0.13157894736842105
experiment_e5d_mathvista_validation,MathVista,llava-next-interleaved-7b,a,S3,entropy_top_k,Q4,38,37,34,0.16216216216216217,0.47058823529411764,0.10526315789473684
experiment_e5d_mathvista_validation,MathVista,llava-next-interleaved-7b,a,S4,softmax_top1_prob,Q1,15,15,15,0.06666666666666667,0.2,0.6666666666666666
experiment_e5d_mathvista_validation,MathVista,llava-next-interleaved-7b,a,S4,softmax_top1_prob,Q2,14,14,13,0.07142857142857142,0.3076923076923077,0.2857142857142857
experiment_e5d_mathvista_validation,MathVista,llava-next-interleaved-7b,a,S4,softmax_top1_prob,Q3,15,15,13,0.06666666666666667,0.3076923076923077,0.06666666666666667
experiment_e5d_mathvista_validation,MathVista,llava-next-interleaved-7b,a,S4,softmax_top1_prob,Q4,14,14,14,0.07142857142857142,0.21428571428571427,0.14285714285714285
experiment_e5d_mathvista_validation,MathVista,llava-next-interleaved-7b,a,S4,top1_minus_top2_margin,Q1,39,39,37,0.02564102564102564,0.24324324324324326,0.1794871794871795
experiment_e5d_mathvista_validation,MathVista,llava-next-interleaved-7b,a,S4,top1_minus_top2_margin,Q2,38,38,36,0.13157894736842105,0.2222222222222222,0.2631578947368421
experiment_e5d_mathvista_validation,MathVista,llava-next-interleaved-7b,a,S4,top1_minus_top2_margin,Q3,38,38,35,0.07894736842105263,0.22857142857142856,0.18421052631578946
experiment_e5d_mathvista_validation,MathVista,llava-next-interleaved-7b,a,S4,top1_minus_top2_margin,Q4,38,38,38,0.02631578947368421,0.18421052631578946,0.2894736842105263
experiment_e5d_mathvista_validation,MathVista,llava-next-interleaved-7b,a,S4,entropy_top_k,Q1,39,39,39,0.02564102564102564,0.1794871794871795,0.48717948717948717
experiment_e5d_mathvista_validation,MathVista,llava-next-interleaved-7b,a,S4,entropy_top_k,Q2,38,38,35,0.05263157894736842,0.22857142857142856,0.18421052631578946
experiment_e5d_mathvista_validation,MathVista,llava-next-interleaved-7b,a,S4,entropy_top_k,Q3,38,38,38,0.05263157894736842,0.23684210526315788,0.13157894736842105
experiment_e5d_mathvista_validation,MathVista,llava-next-interleaved-7b,a,S4,entropy_top_k,Q4,38,38,34,0.13157894736842105,0.23529411764705882,0.10526315789473684
experiment_e5d_mathvista_validation,MathVista,llava-next-interleaved-7b,a,S5,softmax_top1_prob,Q1,15,15,15,0.0,0.2,0.6666666666666666
experiment_e5d_mathvista_validation,MathVista,llava-next-interleaved-7b,a,S5,softmax_top1_prob,Q2,14,14,13,0.07142857142857142,0.3076923076923077,0.2857142857142857
experiment_e5d_mathvista_validation,MathVista,llava-next-interleaved-7b,a,S5,softmax_top1_prob,Q3,15,15,13,0.0,0.3076923076923077,0.06666666666666667
experiment_e5d_mathvista_validation,MathVista,llava-next-interleaved-7b,a,S5,softmax_top1_prob,Q4,14,14,14,0.0,0.14285714285714285,0.14285714285714285
experiment_e5d_mathvista_validation,MathVista,llava-next-interleaved-7b,a,S5,top1_minus_top2_margin,Q1,39,39,35,0.0,0.22857142857142856,0.1794871794871795
experiment_e5d_mathvista_validation,MathVista,llava-next-interleaved-7b,a,S5,top1_minus_top2_margin,Q2,38,38,36,0.07894736842105263,0.25,0.2631578947368421
experiment_e5d_mathvista_validation,MathVista,llava-next-interleaved-7b,a,S5,top1_minus_top2_margin,Q3,38,38,36,0.02631578947368421,0.1111111111111111,0.18421052631578946
experiment_e5d_mathvista_validation,MathVista,llava-next-interleaved-7b,a,S5,top1_minus_top2_margin,Q4,38,38,36,0.05263157894736842,0.3055555555555556,0.2894736842105263
experiment_e5d_mathvista_validation,MathVista,llava-next-interleaved-7b,a,S5,entropy_top_k,Q1,39,39,39,0.0,0.15384615384615385,0.48717948717948717
experiment_e5d_mathvista_validation,MathVista,llava-next-interleaved-7b,a,S5,entropy_top_k,Q2,38,38,35,0.02631578947368421,0.22857142857142856,0.18421052631578946
experiment_e5d_mathvista_validation,MathVista,llava-next-interleaved-7b,a,S5,entropy_top_k,Q3,38,38,38,0.05263157894736842,0.23684210526315788,0.13157894736842105
experiment_e5d_mathvista_validation,MathVista,llava-next-interleaved-7b,a,S5,entropy_top_k,Q4,38,38,31,0.07894736842105263,0.2903225806451613,0.10526315789473684
experiment_e5e_chartqa_full,ChartQA,gemma3-27b-it,a,S1,softmax_top1_prob,Q1,37,24,37,0.0,0.0,1.0
experiment_e5e_chartqa_full,ChartQA,gemma3-27b-it,a,S1,softmax_top1_prob,Q2,36,29,36,0.0,0.0,0.7777777777777778
experiment_e5e_chartqa_full,ChartQA,gemma3-27b-it,a,S1,softmax_top1_prob,Q3,36,25,36,0.12,0.16666666666666666,0.3333333333333333
experiment_e5e_chartqa_full,ChartQA,gemma3-27b-it,a,S1,softmax_top1_prob,Q4,36,31,35,0.25806451612903225,0.34285714285714286,0.19444444444444445
experiment_e5e_chartqa_full,ChartQA,gemma3-27b-it,a,S1,top1_minus_top2_margin,Q1,158,139,157,0.04316546762589928,0.07643312101910828,0.6329113924050633
experiment_e5e_chartqa_full,ChartQA,gemma3-27b-it,a,S1,top1_minus_top2_margin,Q2,158,132,157,0.045454545454545456,0.05732484076433121,0.7278481012658228
experiment_e5e_chartqa_full,ChartQA,gemma3-27b-it,a,S1,top1_minus_top2_margin,Q3,158,133,157,0.03007518796992481,0.11464968152866242,0.6329113924050633
experiment_e5e_chartqa_full,ChartQA,gemma3-27b-it,a,S1,top1_minus_top2_margin,Q4,158,137,157,0.029197080291970802,0.1337579617834395,0.5569620253164557
experiment_e5e_chartqa_full,ChartQA,gemma3-27b-it,a,S1,entropy_top_k,Q1,158,132,157,0.0,0.0,0.7974683544303798
experiment_e5e_chartqa_full,ChartQA,gemma3-27b-it,a,S1,entropy_top_k,Q2,158,137,158,0.014598540145985401,0.02531645569620253,0.8227848101265823
experiment_e5e_chartqa_full,ChartQA,gemma3-27b-it,a,S1,entropy_top_k,Q3,158,130,158,0.015384615384615385,0.04430379746835443,0.7468354430379747
experiment_e5e_chartqa_full,ChartQA,gemma3-27b-it,a,S1,entropy_top_k,Q4,158,142,155,0.11267605633802817,0.3161290322580645,0.18354430379746836
experiment_e5e_chartqa_full,ChartQA,gemma3-27b-it,m,S1,softmax_top1_prob,Q1,37,24,37,0.0,0.0,1.0
experiment_e5e_chartqa_full,ChartQA,gemma3-27b-it,m,S1,softmax_top1_prob,Q2,36,29,36,0.0,0.0,0.7777777777777778
experiment_e5e_chartqa_full,ChartQA,gemma3-27b-it,m,S1,softmax_top1_prob,Q3,36,25,35,0.08,0.14285714285714285,0.3333333333333333
experiment_e5e_chartqa_full,ChartQA,gemma3-27b-it,m,S1,softmax_top1_prob,Q4,36,31,35,0.1935483870967742,0.22857142857142856,0.19444444444444445
experiment_e5e_chartqa_full,ChartQA,gemma3-27b-it,m,S1,top1_minus_top2_margin,Q1,158,139,155,0.02877697841726619,0.07096774193548387,0.6329113924050633
experiment_e5e_chartqa_full,ChartQA,gemma3-27b-it,m,S1,top1_minus_top2_margin,Q2,158,132,156,0.015151515151515152,0.04487179487179487,0.7278481012658228
experiment_e5e_chartqa_full,ChartQA,gemma3-27b-it,m,S1,top1_minus_top2_margin,Q3,158,133,157,0.015037593984962405,0.07643312101910828,0.6329113924050633
experiment_e5e_chartqa_full,ChartQA,gemma3-27b-it,m,S1,top1_minus_top2_margin,Q4,158,137,156,0.029197080291970802,0.12179487179487179,0.5569620253164557
experiment_e5e_chartqa_full,ChartQA,gemma3-27b-it,m,S1,entropy_top_k,Q1,158,132,157,0.0,0.006369426751592357,0.7974683544303798
experiment_e5e_chartqa_full,ChartQA,gemma3-27b-it,m,S1,entropy_top_k,Q2,158,137,158,0.0,0.006329113924050633,0.8227848101265823
experiment_e5e_chartqa_full,ChartQA,gemma3-27b-it,m,S1,entropy_top_k,Q3,158,130,157,0.015384615384615385,0.050955414012738856,0.7468354430379747
experiment_e5e_chartqa_full,ChartQA,gemma3-27b-it,m,S1,entropy_top_k,Q4,158,142,152,0.07042253521126761,0.2565789473684211,0.18354430379746836
experiment_e5e_chartqa_full,ChartQA,llava-next-interleaved-7b,a,S1,softmax_top1_prob,Q1,42,37,38,0.0,0.02631578947368421,0.6428571428571429
experiment_e5e_chartqa_full,ChartQA,llava-next-interleaved-7b,a,S1,softmax_top1_prob,Q2,41,31,40,0.0967741935483871,0.075,0.3170731707317073
experiment_e5e_chartqa_full,ChartQA,llava-next-interleaved-7b,a,S1,softmax_top1_prob,Q3,41,38,40,0.0,0.15,0.12195121951219512
experiment_e5e_chartqa_full,ChartQA,llava-next-interleaved-7b,a,S1,softmax_top1_prob,Q4,41,30,41,0.1,0.12195121951219512,0.2926829268292683
experiment_e5e_chartqa_full,ChartQA,llava-next-interleaved-7b,a,S1,top1_minus_top2_margin,Q1,158,154,143,0.006493506493506494,0.11888111888111888,0.2468354430379747
experiment_e5e_chartqa_full,ChartQA,llava-next-interleaved-7b,a,S1,top1_minus_top2_margin,Q2,158,150,146,0.02666666666666667,0.14383561643835616,0.2911392405063291
experiment_e5e_chartqa_full,ChartQA,llava-next-interleaved-7b,a,S1,top1_minus_top2_margin,Q3,158,141,145,0.04964539007092199,0.2,0.3860759493670886
experiment_e5e_chartqa_full,ChartQA,llava-next-interleaved-7b,a,S1,top1_minus_top2_margin,Q4,158,129,152,0.031007751937984496,0.14473684210526316,0.4430379746835443
experiment_e5e_chartqa_full,ChartQA,llava-next-interleaved-7b,a,S1,entropy_top_k,Q1,158,132,157,0.007575757575757576,0.03184713375796178,0.740506329113924
experiment_e5e_chartqa_full,ChartQA,llava-next-interleaved-7b,a,S1,entropy_top_k,Q2,158,133,154,0.045112781954887216,0.09740259740259741,0.4177215189873418
experiment_e5e_chartqa_full,ChartQA,llava-next-interleaved-7b,a,S1,entropy_top_k,Q3,158,153,156,0.032679738562091505,0.2692307692307692,0.13924050632911392
experiment_e5e_chartqa_full,ChartQA,llava-next-interleaved-7b,a,S1,entropy_top_k,Q4,158,156,119,0.02564102564102564,0.226890756302521,0.06962025316455696
experiment_e5e_chartqa_full,ChartQA,llava-next-interleaved-7b,m,S1,softmax_top1_prob,Q1,42,37,38,0.02702702702702703,0.02631578947368421,0.6428571428571429
experiment_e5e_chartqa_full,ChartQA,llava-next-interleaved-7b,m,S1,softmax_top1_prob,Q2,41,31,40,0.06451612903225806,0.075,0.3170731707317073
experiment_e5e_chartqa_full,ChartQA,llava-next-interleaved-7b,m,S1,softmax_top1_prob,Q3,41,38,40,0.0,0.1,0.12195121951219512
experiment_e5e_chartqa_full,ChartQA,llava-next-interleaved-7b,m,S1,softmax_top1_prob,Q4,41,30,41,0.03333333333333333,0.04878048780487805,0.2926829268292683
experiment_e5e_chartqa_full,ChartQA,llava-next-interleaved-7b,m,S1,top1_minus_top2_margin,Q1,158,154,143,0.006493506493506494,0.09090909090909091,0.2468354430379747
experiment_e5e_chartqa_full,ChartQA,llava-next-interleaved-7b,m,S1,top1_minus_top2_margin,Q2,158,150,146,0.013333333333333334,0.1232876712328767,0.2911392405063291
experiment_e5e_chartqa_full,ChartQA,llava-next-interleaved-7b,m,S1,top1_minus_top2_margin,Q3,158,141,144,0.0,0.1388888888888889,0.3860759493670886
experiment_e5e_chartqa_full,ChartQA,llava-next-interleaved-7b,m,S1,top1_minus_top2_margin,Q4,158,129,151,0.015503875968992248,0.10596026490066225,0.4430379746835443
experiment_e5e_chartqa_full,ChartQA,llava-next-interleaved-7b,m,S1,entropy_top_k,Q1,158,132,157,0.015151515151515152,0.01910828025477707,0.740506329113924
experiment_e5e_chartqa_full,ChartQA,llava-next-interleaved-7b,m,S1,entropy_top_k,Q2,158,133,154,0.007518796992481203,0.07792207792207792,0.4177215189873418
experiment_e5e_chartqa_full,ChartQA,llava-next-interleaved-7b,m,S1,entropy_top_k,Q3,158,153,156,0.006535947712418301,0.1987179487179487,0.13924050632911392
experiment_e5e_chartqa_full,ChartQA,llava-next-interleaved-7b,m,S1,entropy_top_k,Q4,158,156,117,0.00641025641025641,0.1794871794871795,0.06962025316455696
experiment_e5e_chartqa_full,ChartQA,qwen2.5-vl-7b-instruct,a,S1,softmax_top1_prob,Q1,36,27,36,0.0,0.0,1.0
experiment_e5e_chartqa_full,ChartQA,qwen2.5-vl-7b-instruct,a,S1,softmax_top1_prob,Q2,36,25,36,0.0,0.0,0.9722222222222222
experiment_e5e_chartqa_full,ChartQA,qwen2.5-vl-7b-instruct,a,S1,softmax_top1_prob,Q3,36,27,36,0.037037037037037035,0.08333333333333333,0.6666666666666666
experiment_e5e_chartqa_full,ChartQA,qwen2.5-vl-7b-instruct,a,S1,softmax_top1_prob,Q4,36,28,36,0.14285714285714285,0.2222222222222222,0.2222222222222222
experiment_e5e_chartqa_full,ChartQA,qwen2.5-vl-7b-instruct,a,S1,top1_minus_top2_margin,Q1,158,139,156,0.014388489208633094,0.038461538461538464,0.8481012658227848
experiment_e5e_chartqa_full,ChartQA,qwen2.5-vl-7b-instruct,a,S1,top1_minus_top2_margin,Q2,158,124,154,0.008064516129032258,0.03896103896103896,0.8417721518987342
experiment_e5e_chartqa_full,ChartQA,qwen2.5-vl-7b-instruct,a,S1,top1_minus_top2_margin,Q3,158,133,154,0.022556390977443608,0.032467532467532464,0.7911392405063291
experiment_e5e_chartqa_full,ChartQA,qwen2.5-vl-7b-instruct,a,S1,top1_minus_top2_margin,Q4,158,138,149,0.021739130434782608,0.09395973154362416,0.5506329113924051
experiment_e5e_chartqa_full,ChartQA,qwen2.5-vl-7b-instruct,a,S1,entropy_top_k,Q1,158,142,158,0.0,0.0,0.9873417721518988
experiment_e5e_chartqa_full,ChartQA,qwen2.5-vl-7b-instruct,a,S1,entropy_top_k,Q2,158,127,158,0.0,0.0,0.9620253164556962
experiment_e5e_chartqa_full,ChartQA,qwen2.5-vl-7b-instruct,a,S1,entropy_top_k,Q3,158,131,154,0.007633587786259542,0.012987012987012988,0.7658227848101266
experiment_e5e_chartqa_full,ChartQA,qwen2.5-vl-7b-instruct,a,S1,entropy_top_k,Q4,158,134,143,0.05970149253731343,0.20279720279720279,0.31645569620253167
experiment_e5e_chartqa_full,ChartQA,qwen2.5-vl-7b-instruct,m,S1,softmax_top1_prob,Q1,36,27,36,0.0,0.0,1.0
experiment_e5e_chartqa_full,ChartQA,qwen2.5-vl-7b-instruct,m,S1,softmax_top1_prob,Q2,36,25,36,0.0,0.0,0.9722222222222222
experiment_e5e_chartqa_full,ChartQA,qwen2.5-vl-7b-instruct,m,S1,softmax_top1_prob,Q3,36,27,36,0.037037037037037035,0.08333333333333333,0.6666666666666666
experiment_e5e_chartqa_full,ChartQA,qwen2.5-vl-7b-instruct,m,S1,softmax_top1_prob,Q4,36,28,36,0.14285714285714285,0.2222222222222222,0.2222222222222222
experiment_e5e_chartqa_full,ChartQA,qwen2.5-vl-7b-instruct,m,S1,top1_minus_top2_margin,Q1,158,139,156,0.014388489208633094,0.03205128205128205,0.8481012658227848
experiment_e5e_chartqa_full,ChartQA,qwen2.5-vl-7b-instruct,m,S1,top1_minus_top2_margin,Q2,158,124,154,0.008064516129032258,0.032467532467532464,0.8417721518987342
experiment_e5e_chartqa_full,ChartQA,qwen2.5-vl-7b-instruct,m,S1,top1_minus_top2_margin,Q3,158,133,153,0.007518796992481203,0.0196078431372549,0.7911392405063291
experiment_e5e_chartqa_full,ChartQA,qwen2.5-vl-7b-instruct,m,S1,top1_minus_top2_margin,Q4,158,138,149,0.021739130434782608,0.10067114093959731,0.5506329113924051
experiment_e5e_chartqa_full,ChartQA,qwen2.5-vl-7b-instruct,m,S1,entropy_top_k,Q1,158,142,158,0.0,0.0,0.9873417721518988
experiment_e5e_chartqa_full,ChartQA,qwen2.5-vl-7b-instruct,m,S1,entropy_top_k,Q2,158,127,158,0.0,0.0,0.9620253164556962
experiment_e5e_chartqa_full,ChartQA,qwen2.5-vl-7b-instruct,m,S1,entropy_top_k,Q3,158,131,154,0.007633587786259542,0.012987012987012988,0.7658227848101266
experiment_e5e_chartqa_full,ChartQA,qwen2.5-vl-7b-instruct,m,S1,entropy_top_k,Q4,158,134,142,0.04477611940298507,0.18309859154929578,0.31645569620253167
experiment_e5e_tallyqa_full,TallyQA,llava-next-interleaved-7b,a,S1,softmax_top1_prob,Q1,9453,8144,9453,0.0002455795677799607,0.0020099439331429177,0.9540886491061039
experiment_e5e_tallyqa_full,TallyQA,llava-next-interleaved-7b,a,S1,softmax_top1_prob,Q2,9452,8167,9452,0.004163095383861884,0.010368176047397376,0.8486034701650444
experiment_e5e_tallyqa_full,TallyQA,llava-next-interleaved-7b,a,S1,softmax_top1_prob,Q3,9453,8164,9453,0.02584517393434591,0.0683380937268592,0.6385274516026658
experiment_e5e_tallyqa_full,TallyQA,llava-next-interleaved-7b,a,S1,softmax_top1_prob,Q4,9452,8212,9439,0.07172430589381393,0.16601334887170252,0.4189589504866695
experiment_e5e_tallyqa_full,TallyQA,llava-next-interleaved-7b,a,S1,top1_minus_top2_margin,Q1,9562,8321,9560,0.01850739093858911,0.05052301255230125,0.6154570173603848
experiment_e5e_tallyqa_full,TallyQA,llava-next-interleaved-7b,a,S1,top1_minus_top2_margin,Q2,9561,8331,9558,0.024246789100948265,0.0628792634442352,0.665620750967472
experiment_e5e_tallyqa_full,TallyQA,llava-next-interleaved-7b,a,S1,top1_minus_top2_margin,Q3,9561,8281,9555,0.02741214829126917,0.07127158555729984,0.7116410417320364
experiment_e5e_tallyqa_full,TallyQA,llava-next-interleaved-7b,a,S1,top1_minus_top2_margin,Q4,9561,8169,9558,0.03574488921532623,0.0778405524168236,0.834954502667085
experiment_e5e_tallyqa_full,TallyQA,llava-next-interleaved-7b,a,S1,entropy_top_k,Q1,9562,8237,9562,0.0002428068471530897,0.002300773896674336,0.959527295544865
experiment_e5e_tallyqa_full,TallyQA,llava-next-interleaved-7b,a,S1,entropy_top_k,Q2,9561,8229,9560,0.008992587191639324,0.021757322175732216,0.8499110971655685
experiment_e5e_tallyqa_full,TallyQA,llava-next-interleaved-7b,a,S1,entropy_top_k,Q3,9561,8237,9560,0.04613330095908705,0.10951882845188285,0.6157305721158874
experiment_e5e_tallyqa_full,TallyQA,llava-next-interleaved-7b,a,S1,entropy_top_k,Q4,9561,8399,9549,0.04988689129658293,0.1290187454183684,0.40246836105009937
experiment_e5e_tallyqa_full,TallyQA,llava-next-interleaved-7b,m,S1,softmax_top1_prob,Q1,9453,8144,9453,0.0002455795677799607,0.0014810113191579392,0.9540886491061039
experiment_e5e_tallyqa_full,TallyQA,llava-next-interleaved-7b,m,S1,softmax_top1_prob,Q2,9452,8167,9452,0.0025713236194441044,0.009098603470165044,0.8486034701650444
experiment_e5e_tallyqa_full,TallyQA,llava-next-interleaved-7b,m,S1,softmax_top1_prob,Q3,9453,8164,9453,0.018250857422831945,0.06199090235903946,0.6385274516026658
experiment_e5e_tallyqa_full,TallyQA,llava-next-interleaved-7b,m,S1,softmax_top1_prob,Q4,9452,8212,9438,0.035679493424257185,0.13901250264886628,0.4189589504866695
experiment_e5e_tallyqa_full,TallyQA,llava-next-interleaved-7b,m,S1,top1_minus_top2_margin,Q1,9562,8321,9560,0.012618675639947122,0.04445606694560669,0.6154570173603848
experiment_e5e_tallyqa_full,TallyQA,llava-next-interleaved-7b,m,S1,top1_minus_top2_margin,Q2,9561,8331,9559,0.014043932301044292,0.0546082226174286,0.665620750967472
experiment_e5e_tallyqa_full,TallyQA,llava-next-interleaved-7b,m,S1,top1_minus_top2_margin,Q3,9561,8281,9556,0.0169061707523246,0.06331100879028882,0.7116410417320364
experiment_e5e_tallyqa_full,TallyQA,llava-next-interleaved-7b,m,S1,top1_minus_top2_margin,Q4,9561,8169,9555,0.014322438486962909,0.06321297749869179,0.834954502667085
experiment_e5e_tallyqa_full,TallyQA,llava-next-interleaved-7b,m,S1,entropy_top_k,Q1,9562,8237,9562,0.0002428068471530897,0.0017778707383392595,0.959527295544865
experiment_e5e_tallyqa_full,TallyQA,llava-next-interleaved-7b,m,S1,entropy_top_k,Q2,9561,8229,9559,0.004374772147283996,0.019144261952087037,0.8499110971655685
experiment_e5e_tallyqa_full,TallyQA,llava-next-interleaved-7b,m,S1,entropy_top_k,Q3,9561,8237,9559,0.02391647444457934,0.09279213306831259,0.6157305721158874
experiment_e5e_tallyqa_full,TallyQA,llava-next-interleaved-7b,m,S1,entropy_top_k,Q4,9561,8399,9550,0.02905107750922729,0.11193717277486911,0.40246836105009937
experiment_e5e_tallyqa_full,TallyQA,qwen2.5-vl-7b-instruct,a,S1,softmax_top1_prob,Q1,9517,8145,9517,0.00012277470841006753,0.0012609015446043922,0.9928548912472418
experiment_e5e_tallyqa_full,TallyQA,qwen2.5-vl-7b-instruct,a,S1,softmax_top1_prob,Q2,9517,8140,9517,0.0007371007371007371,0.0028370284753598822,0.9634338552064726
experiment_e5e_tallyqa_full,TallyQA,qwen2.5-vl-7b-instruct,a,S1,softmax_top1_prob,Q3,9517,8310,9517,0.005054151624548736,0.010822738257854366,0.8006724808237891
experiment_e5e_tallyqa_full,TallyQA,qwen2.5-vl-7b-instruct,a,S1,softmax_top1_prob,Q4,9517,8339,9517,0.03561578126873726,0.09687926867710413,0.46926552485026796
experiment_e5e_tallyqa_full,TallyQA,qwen2.5-vl-7b-instruct,a,S1,top1_minus_top2_margin,Q1,9562,8197,9562,0.0017079419299743809,0.004915289688349717,0.9687303911315625
experiment_e5e_tallyqa_full,TallyQA,qwen2.5-vl-7b-instruct,a,S1,top1_minus_top2_margin,Q2,9561,8340,9561,0.008273381294964029,0.0209183139838929,0.8414391800020918
experiment_e5e_tallyqa_full,TallyQA,qwen2.5-vl-7b-instruct,a,S1,top1_minus_top2_margin,Q3,9561,8370,9561,0.015053763440860216,0.042045811107624724,0.7087124777742914
experiment_e5e_tallyqa_full,TallyQA,qwen2.5-vl-7b-instruct,a,S1,top1_minus_top2_margin,Q4,9561,8197,9561,0.01695742344760278,0.04821671373287313,0.6923961928668549
experiment_e5e_tallyqa_full,TallyQA,qwen2.5-vl-7b-instruct,a,S1,entropy_top_k,Q1,9562,8143,9562,0.0006140243153628884,0.002091612633340305,0.9888098724116293
experiment_e5e_tallyqa_full,TallyQA,qwen2.5-vl-7b-instruct,a,S1,entropy_top_k,Q2,9561,8217,9561,0.00024339783375927954,0.0018826482585503608,0.9650664156468989
experiment_e5e_tallyqa_full,TallyQA,qwen2.5-vl-7b-instruct,a,S1,entropy_top_k,Q3,9561,8356,9561,0.005265677357587362,0.011295889551302165,0.7981382700554336
experiment_e5e_tallyqa_full,TallyQA,qwen2.5-vl-7b-instruct,a,S1,entropy_top_k,Q4,9561,8388,9561,0.03540772532188841,0.10082627340236378,0.4592615835163686
experiment_e5e_tallyqa_full,TallyQA,qwen2.5-vl-7b-instruct,m,S1,softmax_top1_prob,Q1,9517,8145,9517,0.00012277470841006753,0.0013659766733214247,0.9928548912472418
experiment_e5e_tallyqa_full,TallyQA,qwen2.5-vl-7b-instruct,m,S1,softmax_top1_prob,Q2,9517,8140,9517,0.0008599508599508599,0.0034674792476620782,0.9634338552064726
experiment_e5e_tallyqa_full,TallyQA,qwen2.5-vl-7b-instruct,m,S1,softmax_top1_prob,Q3,9517,8310,9517,0.00457280385078219,0.011978564673741726,0.8006724808237891
experiment_e5e_tallyqa_full,TallyQA,qwen2.5-vl-7b-instruct,m,S1,softmax_top1_prob,Q4,9517,8339,9517,0.036814965823240196,0.09898077125144478,0.46926552485026796
experiment_e5e_tallyqa_full,TallyQA,qwen2.5-vl-7b-instruct,m,S1,top1_minus_top2_margin,Q1,9562,8197,9562,0.001829937782115408,0.0055427734783518095,0.9687303911315625
experiment_e5e_tallyqa_full,TallyQA,qwen2.5-vl-7b-instruct,m,S1,top1_minus_top2_margin,Q2,9561,8340,9561,0.008273381294964029,0.020604539274134505,0.8414391800020918
experiment_e5e_tallyqa_full,TallyQA,qwen2.5-vl-7b-instruct,m,S1,top1_minus_top2_margin,Q3,9561,8370,9561,0.015531660692951015,0.04528814977512813,0.7087124777742914
experiment_e5e_tallyqa_full,TallyQA,qwen2.5-vl-7b-instruct,m,S1,top1_minus_top2_margin,Q4,9561,8197,9561,0.017079419299743808,0.048112122162953665,0.6923961928668549
experiment_e5e_tallyqa_full,TallyQA,qwen2.5-vl-7b-instruct,m,S1,entropy_top_k,Q1,9562,8143,9562,0.0006140243153628884,0.0024053545283413513,0.9888098724116293
experiment_e5e_tallyqa_full,TallyQA,qwen2.5-vl-7b-instruct,m,S1,entropy_top_k,Q2,9561,8217,9561,0.0003650967506389193,0.0021964229683087543,0.9650664156468989
experiment_e5e_tallyqa_full,TallyQA,qwen2.5-vl-7b-instruct,m,S1,entropy_top_k,Q3,9561,8356,9561,0.004547630445189086,0.012446396820416275,0.7981382700554336
experiment_e5e_tallyqa_full,TallyQA,qwen2.5-vl-7b-instruct,m,S1,entropy_top_k,Q4,9561,8388,9561,0.03671912255603243,0.1024997385210752,0.4592615835163686
